species,gear_type,year,ocean,value
BET,BB,1974,ATL,6224.97
ALB,LL,1954,IND,2733.74
BFT,TRAP,2003,ATL,27.13
YFT,BB,1996,PAC_E,2955.72
YFT,GILL,1985,IND,6904.68
SKJ,LL,2004,PAC_E,122.32
ALB,LL,2001,ATL,29741.36
YFT,LL,1975,ATL,24765.67
ALB,BB,1980,ATL,1938.82
SBF,LL,1985,IND,15790.70
BET,LL,1999,IND,56627.16
SWO,LL,1981,ATL,5803.72
SFA,LL,1976,PAC_W,1754.89
SBF,LL,1997,PAC_W,1944.96
BET,PS,1985,IND,6227.60
SKJ,BB,1994,IND,68765.90
BLM,LL,1994,PAC_E,246.54
SKJ,PS,1972,ATL,30116.67
BLM,LL,1964,PAC_W,1697.66
SKJ,PS,1998,PAC_E,134050.96
YFT,LL,1953,IND,6766.78
BET,PS,1997,PAC_W,40473.61
SWO,GILL,2000,IND,2838.94
MLS,LL,1973,ATL,969.91
MLS,LL,1983,ATL,419.47
BFT,LL,1982,PAC_E,2.98
SWO,LL,1992,PAC_W,18320.71
ALB,PS,1976,PAC_E,259.11
MLS,LL,1967,IND,4767.09
BET,LL,1971,PAC_E,29067.47
SKJ,BB,1975,PAC_W,212754.27
ALB,OTHER_A,1990,ATL,64.00
BET,LL,1975,ATL,34005.29
YFT,LL,1999,IND,37373.65
SKJ,LL,1967,PAC_E,138.20
YFT,BB,1991,IND,7068.06
SFA,LL,1988,PAC_W,1565.16
BUM,LL,1995,IND,3481.85
YFT,BB,1974,ATL,15617.82
YFT,BB,1993,PAC_E,4919.93
SKJ,OTHER_I,1972,IND,339.99
ALB,PS,1986,IND,218.22
BUM,LL,2001,PAC_W,15556.37
BIL,LL,1968,PAC_E,7.47
SFA,LL,1987,PAC_E,649.46
YFT,BB,1970,PAC_W,73.75
YFT,LL,1971,PAC_E,7855.06
BFT,PS,1978,PAC_E,5380.81
MLS,LL,2004,IND,2669.37
MLS,LL,1969,PAC_E,9028.64
BET,LL,1953,IND,1651.85
BIL,LL,1991,PAC_E,1.00
YFT,PS,1997,PAC_W,253975.49
YFT,PS,1985,IND,67652.58
YFT,LL,1951,PAC_W,8557.32
SKJ,PS,1990,ATL,76797.75
ALB,LL,1969,PAC_W,38481.43
BIL,LL,2001,PAC_E,169.77
BUM,LL,1973,PAC_E,1631.26
BUM,LL,1983,PAC_E,2052.00
BFT,BB,1974,ATL,191.19
BET,LL,1961,PAC_E,51906.73
YFT,PS,1992,IND,110587.53
BUM,LL,1970,IND,4029.50
SFA,LL,1998,IND,143.89
BET,LL,1955,PAC_W,23854.91
SKJ,GILL,1987,IND,15302.27
YFT,LL,1980,IND,20177.92
SWO,LL,1960,PAC_E,134.09
BET,LL,1982,PAC_E,52348.05
YFT,BB,2001,IND,11080.00
MLS,LL,2002,IND,2180.32
BFT,LL,1971,PAC_E,20.49
YFT,PS,1978,PAC_E,143023.13
BUM,LL,1991,PAC_W,10905.82
YFT,BB,1995,PAC_W,14734.02
BET,OTHER_A,1981,ATL,172.00
BET,LL,2000,PAC_W,70727.54
BUM,LL,1968,PAC_W,6657.37
ALB,BB,1994,PAC_W,26342.19
SKJ,BB,2000,ATL,6704.85
SKJ,LL,2002,PAC_E,121.75
BET,PS,1992,IND,11245.32
YFT,LL,1955,PAC_W,19976.65
SKJ,PS,1986,PAC_W,345175.91
YFT,LL,1961,PAC_E,12375.00
BUM,LL,1969,ATL,2323.28
SWO,LL,1985,PAC_W,12345.45
SKJ,PS,1987,IND,72870.65
BET,LL,1951,PAC_W,11888.31
BFT,LL,1975,ATL,5674.36
SWO,LL,1997,IND,21910.26
ALB,LL,1991,ATL,26966.50
YFT,OTHER_A,1981,ATL,402.76
ALB,LL,1974,IND,20253.26
YFT,LL,2000,PAC_W,78231.26
BET,PS,1978,PAC_E,16136.18
ALB,LL,1968,ATL,23829.40
SWO,LL,1958,ATL,135.02
SKJ,OTHER_I,1990,IND,717.94
SBF,LL,1992,IND,5660.44
BET,BB,1995,PAC_W,3768.04
ALB,BB,1999,ATL,6176.61
SWO,LL,2003,PAC_E,12725.47
BET,LL,1980,IND,34204.21
YFT,LL,1982,PAC_E,10663.32
BET,PS,2003,IND,22838.75
YFT,BB,1996,PAC_W,15343.41
MLS,LL,1968,ATL,1472.23
YFT,LL,2005,PAC_W,72556.36
SWO,LL,1978,IND,2318.87
BET,BB,1993,PAC_W,2335.40
MLS,LL,1974,IND,2611.95
SFA,LL,1976,PAC_E,492.36
MLS,LL,1991,ATL,1301.61
BET,LL,1984,IND,36702.10
BET,PS,1997,PAC_E,50933.82
YFT,BB,1977,PAC_W,14849.48
BLM,LL,1964,PAC_E,590.06
SKJ,BB,2005,ATL,35083.48
SKJ,PS,1998,PAC_W,999356.30
BET,BB,1967,ATL,5655.70
YFT,GILL,2003,IND,44161.06
BLM,LL,1994,PAC_W,1867.17
BFT,BB,2002,ATL,6.70
YFT,BB,2004,ATL,7268.60
BFT,LL,2000,PAC_E,2.02
BET,LL,1966,IND,21493.30
SBF,LL,2003,IND,3393.88
BET,LL,1971,PAC_W,38267.26
SKJ,PS,1989,ATL,45240.11
BLM,LL,1975,IND,694.74
SWO,LL,1992,PAC_E,3652.48
SKJ,OTHER_I,1989,IND,2340.38
ALB,PS,1987,PAC_E,1.00
SKJ,BB,1971,ATL,20014.58
YFT,LL,1984,IND,24084.40
BET,LL,2005,PAC_W,77891.42
BUM,LL,2001,PAC_E,2719.80
YFT,BB,1993,PAC_W,12368.88
ALB,LL,2002,IND,25289.05
BIL,LL,1973,PAC_E,3.01
BIL,LL,1983,PAC_E,1.99
BET,BB,1996,PAC_W,3867.35
SFA,LL,1988,PAC_E,646.33
YFT,PS,2003,IND,215798.80
YFT,LL,1971,PAC_W,57552.36
SBF,LL,1960,IND,70184.44
SFA,LL,1987,PAC_W,1545.96
BET,GILL,2003,IND,93.01
SWO,LL,1963,ATL,1536.11
BET,BB,2004,ATL,2401.46
YFT,LL,1966,IND,40597.63
SKJ,LL,1974,PAC_E,77.79
YFT,PS,1997,PAC_E,238390.24
YFT,BB,1973,IND,6840.01
YFT,BB,1983,IND,7797.90
BET,BB,1977,PAC_W,3331.48
MLS,LL,1969,PAC_W,8493.65
SKJ,OTHER_A,1979,ATL,1173.10
SFA,LL,1986,IND,80.13
BUM,LL,1983,PAC_W,6589.99
BUM,LL,1973,PAC_W,7492.89
ALB,LL,1969,PAC_E,2566.76
ALB,LL,2004,IND,16945.79
BET,LL,1961,PAC_W,37133.12
SKJ,GILL,1988,IND,21461.66
BUM,LL,1962,IND,3138.01
YFT,BB,1995,PAC_E,1264.92
YFT,LL,1952,PAC_W,17045.43
BUM,LL,1991,PAC_E,3470.28
YFT,PS,1978,PAC_W,13183.59
BET,LL,1982,PAC_W,47566.33
SWO,LL,1960,PAC_W,520.08
BUM,OTHER_A,1998,ATL,664.95
BUM,LL,1993,IND,4525.82
BUM,LL,1968,PAC_E,1573.71
ALB,BB,1994,PAC_E,85.08
BFT,PS,1997,PAC_E,2609.35
BET,BB,2002,ATL,3171.41
ALB,PS,1979,ATL,16.01
BET,LL,2000,PAC_E,42658.32
ALB,PS,1998,IND,1560.17
YFT,LL,1961,PAC_W,52803.13
BFT,TROL,2002,ATL,79.74
ALB,LL,1967,IND,15637.64
SBF,LL,1978,PAC_W,5693.88
SKJ,PS,1986,PAC_E,55756.78
ALB,LL,1973,ATL,33417.77
ALB,LL,1983,ATL,28059.28
SWO,TRAP,2000,ATL,3.72
SWO,GILL,2005,IND,694.61
SFA,LL,1965,PAC_W,1634.66
BUM,LL,1977,IND,2569.13
SKJ,BB,1982,ATL,48408.97
SWO,LL,1985,PAC_E,1849.19
YFT,LL,2000,PAC_E,19768.17
YFT,BB,2002,ATL,9151.50
SKJ,PS,1988,IND,85493.74
MLS,LL,2001,ATL,461.83
ALB,BB,1984,ATL,6029.38
YFT,LL,1982,PAC_W,84306.87
ALB,OTHER_A,1989,ATL,59.00
SWO,LL,2003,PAC_W,20757.43
ALB,PS,1965,PAC_E,246.70
BET,LL,1952,PAC_W,23416.59
MLS,LL,1954,IND,879.81
BET,PS,1978,PAC_W,1039.78
BUM,LL,1996,IND,3911.53
YFT,PS,1998,ATL,74553.76
ALB,PS,1981,PAC_E,99.17
YFT,BB,2005,PAC_W,14674.62
YFT,PS,1972,PAC_E,164146.81
BUM,LL,1982,IND,3715.29
SKJ,BB,1977,ATL,31975.06
BET,LL,1993,PAC_W,64321.44
SKJ,BB,2004,PAC_W,145880.23
MLS,LL,1999,ATL,762.44
YFT,LL,1996,PAC_W,78713.62
ALB,LL,1957,PAC_W,24182.82
YFT,PS,1989,PAC_W,158168.20
BLM,LL,1969,PAC_W,2626.40
SWO,OTHER_A,2002,ATL,252.10
SKJ,BB,1996,ATL,25764.01
BET,LL,1967,ATL,11366.40
YFT,LL,2004,ATL,26976.55
BFT,BB,2000,PAC_E,60.97
SKJ,OTHER_A,2003,ATL,4.54
BFT,LL,2002,ATL,4926.90
BET,LL,1973,IND,9095.86
BET,LL,1983,IND,47025.18
YFT,LL,1977,PAC_W,93978.07
SWO,LL,1976,ATL,3365.50
SFA,LL,1981,PAC_W,2218.70
SSP,LL,1987,PAC_E,14.67
BET,OTHER_I,1998,IND,1.20
BUM,LL,1961,IND,3409.13
BET,LL,1962,PAC_W,35459.84
SKJ,LL,1975,PAC_E,85.53
BET,LL,1970,PAC_E,32209.77
MLS,LL,1964,PAC_E,11461.24
BUM,LL,1957,ATL,764.02
ALB,OTHER_A,1978,ATL,161.89
BET,PS,1989,PAC_W,8228.70
YFT,BB,1984,IND,8418.93
MLS,LL,1994,PAC_W,6136.47
MLS,LL,1975,IND,2880.59
BUM,LL,1952,IND,402.22
BET,LL,1996,PAC_W,53959.06
BET,PS,1972,PAC_E,3937.80
BET,PS,1998,ATL,9787.31
BET,BB,2005,PAC_W,6759.51
BFT,OTHER_A,1988,ATL,18.93
BUM,LL,1980,PAC_E,1569.31
YFT,LL,1993,PAC_W,66812.30
YFT,BB,1971,PAC_W,112.51
YFT,LL,1970,PAC_E,12219.12
SWO,LL,1988,ATL,31086.23
BFT,PS,1990,PAC_E,1429.99
SBF,LL,1979,IND,13014.62
YFT,LL,1962,PAC_W,55669.88
SBF,LL,1998,ATL,930.61
SKJ,BB,1993,ATL,21526.46
YFT,LL,1973,IND,9633.94
YFT,LL,1983,IND,29599.21
BET,LL,1977,PAC_W,71826.63
YFT,OTHER_I,1998,IND,808.79
BLM,LL,1974,IND,860.09
YFT,LL,1967,ATL,15929.66
SBF,LL,1989,PAC_W,4094.34
BET,LL,2004,ATL,47319.86
SKJ,PS,1978,ATL,59209.06
BUM,LL,1966,PAC_W,7653.55
YFT,OTHER_A,1988,ATL,113.03
ALB,OTHER_I,2003,IND,56.10
BUM,LL,1971,IND,3224.13
BET,BB,1982,PAC_W,4110.98
YFT,PS,1990,PAC_E,259029.17
BFT,LL,1970,PAC_E,26.79
YFT,LL,1995,PAC_E,18832.91
SWO,LL,1979,PAC_W,11204.50
BET,LL,2002,ATL,43884.42
BUM,LL,1999,PAC_E,1435.81
ALB,LL,1964,PAC_W,26273.85
BFT,LL,1967,ATL,793.97
BUM,LL,1984,PAC_W,12129.88
SWO,LL,1989,IND,5030.23
ALB,LL,1994,PAC_E,9789.90
SFA,LL,1958,PAC_W,1932.70
SKJ,BB,2002,PAC_W,151152.35
ALB,BB,1973,ATL,888.50
ALB,BB,1983,ATL,4503.34
SBF,LL,1990,PAC_E,0.07
BET,OTHER_A,1988,ATL,93.64
ALB,LL,1966,ATL,26960.04
BIL,LL,2000,IND,1.49
BFT,PS,1972,PAC_E,13321.78
SWO,OTHER_A,2004,ATL,87.08
SWO,GILL,1996,IND,963.54
SSP,LL,1998,IND,15.11
YFT,OTHER_A,1976,ATL,6.00
MLS,LL,1980,ATL,411.48
ALB,PS,2003,ATL,403.55
YFT,LL,2002,ATL,15938.05
BFT,LL,2004,ATL,3760.37
YFT,BB,2000,PAC_E,2425.37
BET,LL,1995,PAC_E,56168.78
BET,PS,1990,PAC_E,5535.31
SKJ,OTHER_I,1978,IND,269.71
BUM,LL,2005,IND,3732.81
ALB,LL,1984,ATL,27078.92
YFT,BB,1982,PAC_W,12565.07
BUM,LL,1964,ATL,7589.73
YFT,LL,1996,PAC_E,15296.05
BLM,LL,2004,IND,789.48
SKJ,OTHER_A,1985,ATL,70.10
BET,LL,1991,IND,36976.29
MLS,LL,1984,ATL,419.95
SKJ,BB,2004,PAC_E,526.76
BET,LL,1974,ATL,31878.08
BET,LL,1993,PAC_E,68635.07
YFT,BB,2005,PAC_E,2065.75
SWO,LL,1990,IND,4860.46
YFT,PS,1972,PAC_W,9999.48
BET,LL,1968,IND,30852.70
SSP,LL,1988,PAC_E,12.94
BLM,LL,1969,PAC_E,625.91
ALB,BB,2001,ATL,10372.03
YFT,BB,1975,ATL,6178.96
ALB,LL,1980,ATL,29455.05
YFT,PS,1989,PAC_E,261203.84
BUM,LL,2000,IND,4701.43
SFA,LL,1981,PAC_E,377.67
YFT,LL,1977,PAC_E,11659.24
ALB,PS,1992,ATL,122.19
SKJ,OTHER_I,1997,IND,846.46
BIL,LL,2005,IND,6.74
BET,LL,1970,PAC_W,34609.98
MLS,LL,1966,ATL,3001.91
BUM,LL,1955,IND,3542.88
BET,LL,1962,PAC_E,42346.99
SBF,GILL,1991,IND,6.99
SFA,LL,1963,PAC_W,3238.86
BET,BB,1975,ATL,9069.94
MLS,LL,1994,PAC_E,3026.89
SKJ,BB,1970,ATL,11814.47
BET,PS,1989,PAC_E,1319.72
YFT,BB,1999,IND,12555.85
YFT,LL,1968,IND,70966.04
MLS,LL,1964,PAC_W,17082.89
YFT,LL,1974,ATL,23074.70
SKJ,PS,1997,ATL,53941.46
YFT,LL,1993,PAC_E,22560.02
BUM,LL,1980,PAC_W,10233.71
BET,PS,1972,PAC_W,672.14
YFT,LL,1991,IND,35146.64
SWO,LL,1987,ATL,24285.82
BET,LL,1996,PAC_E,44979.74
BLM,LL,1967,IND,212.67
BFT,OTHER_A,1987,ATL,104.87
YFT,LL,1962,PAC_E,9802.50
SBF,LL,1972,PAC_W,19834.26
BIL,LL,1999,PAC_E,1.00
YFT,LL,1970,PAC_W,55525.61
ALB,PS,1963,PAC_E,1217.60
SBF,LL,1989,PAC_E,1.10
SWO,GILL,1995,IND,873.97
BET,LL,1977,PAC_E,71256.40
SKJ,BB,1974,PAC_W,282614.78
SKJ,BB,1995,ATL,20576.47
BUM,LL,1966,PAC_E,1190.64
SBF,LL,1986,ATL,390.14
ALB,OTHER_A,1997,ATL,168.21
YFT,OTHER_I,1986,IND,1782.43
SKJ,PS,1981,IND,162.61
BFT,LL,1974,ATL,5294.01
BFT,LL,1993,PAC_E,2.00
SWO,LL,1979,PAC_E,2578.79
SWO,LL,1972,IND,1853.46
YFT,PS,1990,PAC_W,174332.69
YFT,LL,1995,PAC_W,81726.81
YFT,BB,1980,IND,4382.41
BET,BB,1982,PAC_E,41.99
ALB,LL,1975,IND,11485.31
YFT,LL,2001,IND,46599.19
YFT,OTHER_A,1987,ATL,1865.17
ALB,LL,1994,PAC_W,59562.80
BET,PS,1986,ATL,8478.63
BUM,LL,1984,PAC_E,2335.31
BET,BB,2000,PAC_W,2989.19
ALB,LL,1964,PAC_E,6428.67
BUM,LL,1999,PAC_W,14743.61
SBF,PS,2001,IND,5416.77
ALB,PS,1985,ATL,59.00
SKJ,BB,2002,PAC_E,616.04
SBF,LL,1990,PAC_W,3954.47
BLM,LL,2002,IND,548.41
BFT,PS,1989,PAC_E,1103.70
BFT,BB,1975,ATL,1280.93
SKJ,OTHER_A,1992,ATL,66.14
YFT,PS,1986,ATL,27480.48
SWO,LL,1965,ATL,2871.80
YFT,BB,2000,PAC_W,13748.83
BFT,LL,1977,PAC_E,8.28
ALB,BB,1991,ATL,3373.00
ALB,LL,1999,ATL,26136.29
BET,OTHER_A,1987,ATL,116.16
YFT,BB,1982,PAC_E,1492.28
BET,LL,2001,IND,62098.17
BUM,LL,1994,ATL,2278.55
BET,LL,1995,PAC_W,65557.37
BET,PS,1990,PAC_W,11558.48
SWO,LL,1984,IND,3164.31
BUM,LL,1989,PAC_W,8603.22
MLS,LL,1990,ATL,1304.92
BET,LL,1978,IND,49741.73
BUM,LL,1972,PAC_E,1003.18
YFT,PS,1982,IND,1032.15
BUM,LL,1998,ATL,2299.35
BUM,LL,1979,IND,3564.18
BET,PS,1980,PAC_E,18240.85
SFA,LL,1974,PAC_W,1105.22
BET,LL,1992,PAC_E,81071.64
SBF,LL,1952,IND,547.02
SKJ,PS,2002,IND,216296.18
BFT,PS,1964,ATL,4563.34
SWO,LL,1971,PAC_W,8610.64
YFT,BB,1988,ATL,10558.29
ALB,OTHER_I,1996,IND,0.29
SKJ,LL,1987,PAC_E,36.57
YFT,LL,1963,ATL,37692.97
SWO,LL,1966,IND,1700.70
BET,BB,1976,ATL,7764.77
BET,PS,1982,IND,8.00
ALB,LL,1989,ATL,21449.85
YFT,PS,1980,PAC_E,136861.92
SBF,LL,1961,IND,62740.18
MLS,LL,1986,PAC_W,5945.17
SWO,LL,2005,PAC_W,16895.94
YFT,LL,1978,IND,35483.79
SKJ,GILL,2002,IND,74067.18
ALB,LL,1998,PAC_W,79405.09
MLS,LL,1987,IND,6104.78
BFT,TRAP,2000,ATL,1456.56
SFA,LL,2004,PAC_E,6.46
YFT,BB,1976,ATL,9858.95
BFT,PS,1999,PAC_E,2552.30
BLM,LL,1959,PAC_W,1244.06
SWO,GILL,2003,IND,1362.60
BET,LL,1963,ATL,14728.77
SKJ,TROL,2003,ATL,15.51
BET,BB,1988,ATL,5130.14
SBF,LL,1982,IND,12074.14
ALB,OTHER_A,1973,ATL,95.98
ALB,OTHER_A,1983,ATL,422.00
SKJ,BB,1981,PAC_E,5317.03
YFT,LL,1992,PAC_E,17851.07
ALB,OTHER_I,1993,IND,14.49
BLM,LL,1981,IND,356.31
SBF,BB,1996,IND,4743.69
SWO,LL,1961,PAC_W,318.01
SKJ,LL,1965,PAC_E,241.95
BFT,PS,1980,PAC_E,2917.03
SBF,LL,2005,IND,7228.57
SFA,LL,2002,PAC_E,13.23
YFT,GILL,2005,IND,19531.04
SKJ,BB,2003,ATL,31096.57
ALB,LL,1988,IND,12352.61
SKJ,OTHER_A,1996,ATL,162.12
SKJ,GILL,2004,IND,69984.18
ALB,LL,1956,PAC_W,18302.43
YFT,LL,1985,PAC_E,12878.27
SWO,LL,2000,PAC_E,5989.40
MLS,LL,1998,PAC_E,3179.11
MLS,LL,1972,ATL,1154.55
YFT,PS,1999,PAC_E,270718.22
BFT,BB,1976,ATL,839.00
YFT,PS,1984,PAC_W,109467.76
BFT,LL,1992,PAC_E,11.01
BUM,LL,1990,PAC_E,2737.80
SWO,LL,1982,PAC_W,9193.16
BET,LL,1960,PAC_W,42971.51
YFT,LL,2003,PAC_W,77369.48
SKJ,OTHER_A,1977,ATL,6655.15
BET,PS,2005,IND,24945.25
ALB,LL,1986,PAC_E,6328.08
SKJ,PS,1973,ATL,32251.53
SKJ,PS,1983,ATL,67208.03
BET,BB,1979,PAC_W,2549.24
SBF,LL,1984,PAC_W,3735.80
BET,LL,1985,PAC_E,65084.23
SBF,LL,1999,PAC_E,5.04
SKJ,OTHER_I,1973,IND,451.00
SKJ,OTHER_I,1983,IND,198.38
SFA,LL,1954,PAC_W,549.29
SKJ,OTHER_A,1993,ATL,288.98
BET,GILL,2005,IND,54.11
BUM,LL,1956,ATL,39.01
BIL,LL,1989,PAC_E,3.99
ALB,LL,1976,IND,15117.17
BFT,BB,1988,ATL,29.11
MLS,LL,1965,IND,3164.78
YFT,PS,2005,IND,186376.59
YFT,BB,1979,PAC_W,11447.97
YFT,LL,1960,PAC_W,54831.55
SKJ,PS,2004,IND,147873.70
BET,LL,2003,PAC_W,76758.55
SBF,LL,1971,IND,25452.23
YFT,BB,1989,IND,5765.82
BET,PS,1999,PAC_E,47082.64
SBF,LL,1966,PAC_W,19047.48
BET,PS,1984,PAC_W,3759.31
BFT,LL,1963,ATL,8080.33
ALB,BB,1978,ATL,1167.99
SKJ,PS,1969,PAC_E,42133.77
BET,LL,1981,ATL,37744.29
BUM,LL,1989,PAC_E,2381.60
YFT,PS,2000,IND,137757.96
SKJ,LL,1988,PAC_E,25.54
SWO,LL,1999,IND,22352.22
SFA,LL,1967,PAC_W,1993.17
YFT,BB,1987,ATL,10545.83
BET,PS,1980,PAC_W,1604.12
BUM,LL,1972,PAC_W,7932.17
SKJ,OTHER_I,2001,IND,0.00
ALB,LL,1965,IND,11365.64
ALB,PS,1967,PAC_E,254.11
SWO,LL,1971,PAC_E,1935.83
SBF,LL,1980,PAC_W,13507.97
ALB,BB,1997,ATL,6599.03
BET,GILL,2000,IND,8.84
SBF,BB,1995,IND,1029.89
BET,LL,1992,PAC_W,73843.78
MLS,LL,1976,IND,2639.53
SSP,LL,1994,IND,3.99
SKJ,OTHER_A,1995,ATL,108.99
SBF,LL,1955,IND,2832.02
SKJ,LL,1976,PAC_E,121.36
MLS,LL,1986,PAC_E,3519.57
YFT,BB,1990,IND,5211.24
BET,BB,1987,ATL,3922.78
YFT,PS,1980,PAC_W,30525.01
ALB,OTHER_A,1991,ATL,71.30
SWO,LL,1975,ATL,4986.78
SFA,LL,2004,PAC_W,149.07
ALB,LL,1972,ATL,32918.56
YFT,LL,1981,ATL,18719.19
ALB,LL,1998,PAC_E,10374.38
SKJ,BB,1992,ATL,21211.25
BFT,PS,1966,PAC_E,15871.29
BET,PS,2000,IND,29362.81
SKJ,PS,2001,ATL,52763.18
MLS,LL,1988,IND,3274.50
SWO,LL,1953,IND,81.73
SBF,LL,2000,IND,4636.67
BFT,PS,1984,PAC_E,841.50
YFT,LL,1992,PAC_W,73124.53
YFT,GILL,2000,IND,40948.61
SKJ,BB,1981,PAC_W,285487.31
BFT,LL,1958,ATL,33.98
SKJ,TRAP,2004,ATL,1.85
ALB,PS,2004,PAC_E,104.52
SKJ,PS,1968,ATL,9576.55
ALB,OTHER_I,1995,IND,5.16
SBF,LL,1994,ATL,596.36
SWO,LL,1961,PAC_E,556.49
YFT,PS,1966,PAC_E,66607.27
YFT,OTHER_I,1994,IND,1850.02
YFT,LL,1985,PAC_W,75981.91
BFT,LL,1981,ATL,4389.48
SKJ,PS,1991,ATL,130311.90
YFT,LL,1997,IND,38536.69
SFA,LL,2002,PAC_W,670.24
YFT,PS,1984,PAC_E,133497.33
YFT,OTHER_A,1975,ATL,7.00
ALB,OTHER_A,2001,ATL,2085.21
YFT,PS,1999,PAC_W,201127.01
ALB,LL,1987,IND,15841.42
MLS,LL,1998,PAC_W,7109.91
SWO,OTHER_A,1981,ATL,4.00
SWO,LL,2000,PAC_W,20183.88
SKJ,TRAP,2002,ATL,0.50
ALB,PS,2002,PAC_E,30.90
YFT,LL,1958,ATL,27172.26
ALB,LL,1986,PAC_W,41716.29
MLS,LL,1989,ATL,1576.51
YFT,LL,2003,PAC_E,19615.13
BET,PS,1994,ATL,27139.93
SKJ,BB,1985,ATL,34739.82
BET,LL,1960,PAC_E,17544.78
SWO,LL,1982,PAC_E,2576.31
BUM,LL,1990,PAC_W,10003.71
BET,LL,1997,IND,63757.08
BET,OTHER_I,1994,IND,2.87
BET,LL,1985,PAC_W,56975.59
BET,PS,1966,PAC_E,210.20
SBF,LL,1999,PAC_W,3000.75
BIL,LL,1972,PAC_E,1.89
BET,LL,2003,PAC_E,55481.93
SKJ,OTHER_I,1991,IND,567.64
SWO,LL,1980,IND,2192.66
YFT,LL,1960,PAC_E,5874.61
YFT,PS,1994,ATL,99652.09
YFT,BB,1979,PAC_E,3907.60
YFT,BB,1972,IND,2516.96
BET,LL,1958,ATL,453.61
BET,BB,1965,ATL,6091.68
ALB,PS,1995,ATL,278.13
ALB,LL,1990,ATL,24119.90
BUM,LL,1986,ATL,1097.54
BET,PS,1984,PAC_E,8720.80
BET,PS,1999,PAC_W,34769.44
BLM,LL,1988,IND,764.29
SKJ,BB,1988,PAC_E,4183.37
SWO,LL,1968,IND,2323.17
BET,BB,1981,ATL,8910.02
ALB,LL,1958,IND,6283.02
MLS,LL,1978,ATL,528.53
SWO,LL,1974,ATL,2905.32
SWO,LL,1993,PAC_E,3102.99
SSP,LL,2004,PAC_E,213.08
BET,PS,1995,IND,27078.00
BET,LL,1990,IND,29002.97
YFT,LL,1987,ATL,13861.19
BFT,PS,1969,ATL,1116.40
SKJ,OTHER_I,1980,IND,477.02
SWO,LL,1991,IND,5622.36
SKJ,LL,1963,PAC_E,179.50
BET,PS,2001,PAC_W,26882.27
BLM,LL,1986,PAC_E,276.86
SBF,LL,1995,IND,3821.85
BET,BB,1992,PAC_W,1755.18
ALB,LL,1997,ATL,23584.93
SWO,LL,1962,PAC_E,941.94
SKJ,BB,1986,IND,45652.18
SWO,LL,1970,PAC_W,7564.17
SBF,LL,2001,PAC_W,2371.83
BFT,LL,1979,PAC_E,1.99
SKJ,BB,1987,PAC_W,260491.23
YFT,GILL,1995,IND,19006.00
BET,LL,1987,ATL,26562.29
SWO,LL,1996,PAC_E,3336.38
ALB,OTHER_A,1999,ATL,16.04
YFT,PS,2001,PAC_W,212635.95
BUM,OTHER_A,1994,ATL,504.16
BLM,LL,1976,IND,288.36
YFT,LL,1990,IND,37858.98
YFT,PS,1995,IND,130557.80
YFT,BB,1981,ATL,7536.01
ALB,BB,1972,ATL,433.60
SBF,GILL,1990,IND,14.97
BFT,PS,1983,PAC_E,836.05
BFT,PS,1973,PAC_E,10764.05
ALB,PS,1994,IND,2576.55
BUM,LL,1985,IND,4636.35
SWO,LL,1977,PAC_E,4253.11
SFA,LL,1975,PAC_E,551.84
BFT,LL,1965,ATL,9552.73
SKJ,PS,1980,ATL,51633.58
BUM,LL,1997,PAC_W,12635.90
MLS,LL,1963,IND,1458.32
YFT,BB,1992,PAC_W,14638.93
SKJ,OTHER_A,2000,ATL,27.98
SKJ,PS,1999,ATL,68672.72
BUM,LL,1992,IND,4047.67
BET,PS,1969,ATL,1401.18
BIL,LL,2003,IND,0.26
YFT,PS,1973,PAC_E,191895.30
YFT,PS,1983,PAC_E,81324.77
YFT,BB,1997,IND,12116.46
YFT,BB,1985,PAC_W,17545.88
BFT,BB,1981,ATL,522.34
YFT,LL,1965,ATL,37128.91
ALB,OTHER_A,1980,ATL,264.01
BUM,LL,1978,PAC_E,1509.93
YFT,BB,2003,PAC_E,465.98
YFT,PS,1991,PAC_W,211175.45
BET,LL,1979,PAC_E,53258.08
SBF,LL,1969,ATL,707.48
ALB,PS,2000,ATL,191.42
BFT,TRAP,1996,ATL,14.95
BET,LL,1972,IND,13843.00
ALB,BB,1986,PAC_W,16031.72
BUM,LL,1959,ATL,841.00
SKJ,PS,1994,PAC_W,743980.23
BET,BB,1985,PAC_W,4336.93
BET,PS,1983,PAC_E,4256.21
BET,PS,1973,PAC_E,3291.75
BLM,LL,1998,PAC_W,1468.81
SBF,LL,1968,PAC_W,14101.62
SKJ,PS,1964,PAC_E,49659.42
YFT,PS,1969,ATL,37956.05
BFT,LL,1987,ATL,2472.30
SSP,LL,2002,PAC_E,265.34
SBF,LL,1991,PAC_W,3624.50
YFT,LL,1979,PAC_E,10490.91
YFT,OTHER_A,1974,ATL,21.93
ALB,LL,1981,IND,14455.97
SWO,LL,1995,PAC_W,15498.10
YFT,LL,1972,IND,19792.39
BET,PS,1991,PAC_W,12640.33
SWO,OTHER_A,1987,ATL,10.57
SBF,LL,1970,IND,27717.84
SWO,LL,2001,IND,21861.09
ALB,LL,1959,PAC_W,26339.63
SKJ,OTHER_I,1999,IND,6.49
ALB,BB,1990,ATL,5249.35
BET,LL,1965,ATL,28445.78
BET,OTHER_A,2002,ATL,13.83
SKJ,BB,1988,PAC_W,298832.29
MLS,LL,1959,PAC_W,391.05
BET,PS,2001,PAC_E,46449.64
BUM,LL,1960,IND,3873.76
MLS,LL,1981,IND,5984.97
SWO,LL,1993,PAC_W,19554.87
SSP,LL,2004,PAC_W,368.41
YFT,LL,1988,ATL,20250.01
SWO,LL,1970,PAC_E,4145.86
SBF,LL,2001,PAC_E,1.11
ALB,OTHER_I,2005,IND,70.28
BLM,LL,1986,PAC_W,1122.69
SWO,LL,1962,PAC_W,10399.44
SWO,LL,1973,IND,1454.66
SWO,LL,1983,IND,3356.16
BET,LL,1976,ATL,19245.25
SKJ,BB,1987,PAC_E,2184.07
SWO,LL,1967,ATL,1143.65
BLM,LL,1987,IND,989.50
SKJ,BB,1976,PAC_W,270869.21
BUM,LL,2003,IND,4866.65
YFT,BB,1978,IND,3941.82
YFT,PS,2001,PAC_E,351800.31
ALB,OTHER_A,1984,ATL,11.00
ALB,BB,1989,ATL,6836.41
SWO,LL,1996,PAC_W,14802.40
BFT,OTHER_A,2004,ATL,476.84
ALB,PS,2005,ATL,86.82
ALB,BB,1998,PAC_W,22981.94
YFT,OTHER_A,2002,ATL,1164.39
SKJ,OTHER_A,1982,ATL,2807.32
BFT,PS,1968,PAC_E,5961.42
BUM,LL,1997,PAC_E,2530.82
BIL,LL,1978,PAC_E,3.00
SFA,LL,1975,PAC_W,2145.43
SWO,LL,2004,ATL,25283.00
BET,BB,1963,ATL,5331.81
SWO,LL,1977,PAC_W,9589.03
YFT,LL,1976,ATL,20211.47
SKJ,LL,1981,PAC_E,19.76
BFT,PS,1991,PAC_E,420.77
YFT,BB,1992,PAC_E,3481.69
SFA,LL,1994,IND,90.00
BET,LL,1988,ATL,40446.03
BFT,PS,2001,PAC_E,888.12
ALB,LL,1963,IND,12556.90
SKJ,PS,1984,ATL,74015.88
SBF,LL,1996,IND,5608.00
BFT,OTHER_A,2002,ATL,718.87
YFT,OTHER_A,2004,ATL,242.09
YFT,GILL,1996,IND,35370.58
YFT,BB,1985,PAC_E,1043.79
SKJ,OTHER_A,2005,ATL,0.32
YFT,PS,1973,PAC_W,14824.14
YFT,PS,1983,PAC_W,103269.14
BFT,LL,1976,ATL,5853.24
BET,LL,1989,IND,27617.84
ALB,PS,1982,ATL,160.80
SWO,LL,2002,ATL,23448.25
YFT,PS,1968,PAC_E,86099.63
SBF,LL,1977,IND,20493.61
ALB,BB,1986,PAC_E,85.80
BET,LL,1979,PAC_W,63552.52
YFT,PS,1993,IND,124992.07
SKJ,PS,1966,ATL,40.16
YFT,PS,1991,PAC_E,225571.55
BUM,LL,1978,PAC_W,8837.70
YFT,BB,2003,PAC_W,11819.58
BET,PS,1996,IND,23053.26
BLM,LL,1998,PAC_E,155.57
BET,PS,1973,PAC_W,849.31
BET,PS,1983,PAC_W,4031.34
SKJ,BB,1979,ATL,39807.34
SKJ,BB,1998,IND,79880.65
BET,OTHER_A,2004,ATL,8.69
SKJ,PS,1994,PAC_E,61320.34
BET,BB,1985,PAC_E,2.00
SBF,LL,1991,PAC_E,1.01
SSP,LL,2002,PAC_W,256.45
SBF,LL,1993,IND,3564.61
MLS,LL,1997,ATL,719.97
SBF,GILL,1989,IND,5.97
YFT,PS,1996,IND,116364.89
BET,PS,1991,PAC_E,4707.60
BET,BB,2003,PAC_W,1774.81
SWO,LL,1995,PAC_E,3133.26
BFT,LL,1988,ATL,2908.48
SBF,LL,1962,IND,31904.23
BET,PS,1993,IND,16006.80
YFT,LL,1979,PAC_W,108370.93
ALB,LL,1978,ATL,35339.54
BET,PS,1968,PAC_E,4538.34
MLS,LL,1958,IND,1785.39
SBF,LL,1973,PAC_W,10785.72
SBF,LL,1983,PAC_W,4597.64
YFT,LL,1989,IND,26953.09
SKJ,OTHER_I,1984,IND,339.74
BUM,LL,1970,ATL,1965.70
ALB,LL,1977,PAC_E,10436.20
SKJ,OTHER_A,1986,ATL,174.77
YFT,PS,1992,ATL,99905.57
SFA,LL,1979,IND,138.46
SFA,LL,1989,PAC_W,1385.21
SKJ,BB,1980,PAC_W,324592.86
BUM,LL,1967,PAC_E,1441.47
BFT,LL,1999,ATL,4965.76
SKJ,PS,1990,IND,106828.06
ALB,LL,1996,PAC_E,6814.80
SWO,OTHER_A,1999,ATL,255.50
BET,OTHER_I,1992,IND,2.58
YFT,PS,1981,PAC_W,58175.29
MLS,LL,2002,ATL,262.56
YFT,BB,2001,ATL,7384.83
ALB,BB,1975,ATL,1515.70
SSP,LL,1997,PAC_W,264.48
SKJ,OTHER_I,1987,IND,293.86
YFT,LL,1980,ATL,15579.99
ALB,PS,1989,PAC_E,1.00
BUM,LL,1974,PAC_W,7245.15
SWO,LL,1997,ATL,30952.19
ALB,LL,1962,PAC_E,5749.88
SBF,LL,1981,PAC_W,10472.29
BUM,LL,2004,PAC_E,2593.80
SKJ,PS,1987,ATL,52477.78
ALB,LL,1970,PAC_W,48929.58
BLM,LL,1982,PAC_W,2027.99
YFT,PS,1963,PAC_E,45683.67
SWO,GILL,1994,IND,857.28
BUM,LL,1969,IND,3617.18
SBF,LL,1959,IND,48454.32
BLM,LL,2000,PAC_E,92.02
BET,PS,1992,ATL,15725.66
SKJ,BB,2000,IND,81736.66
BET,BB,2001,ATL,5691.63
YFT,LL,1950,PAC_W,12566.66
BET,LL,1980,ATL,34326.02
SBF,LL,1992,ATL,525.70
SWO,LL,1958,IND,728.94
SKJ,GILL,1990,IND,28183.43
ALB,LL,1968,IND,17563.34
ALB,LL,1974,ATL,33832.97
ALB,LL,1993,PAC_E,10664.61
YFT,OTHER_I,1992,IND,309.75
MLS,LL,1995,PAC_E,2833.44
BET,PS,1981,PAC_W,2637.59
ALB,LL,1991,IND,14080.30
BFT,OTHER_A,1997,ATL,759.22
BLM,LL,1961,PAC_W,1175.04
MLS,LL,1993,PAC_W,10397.71
BFT,PS,1963,PAC_E,12256.25
BET,BB,1968,ATL,658.42
SWO,LL,1981,IND,2237.14
ALB,LL,1995,PAC_W,60026.33
BET,LL,1999,ATL,51863.48
BUM,LL,2002,PAC_E,3009.98
SBF,LL,1985,ATL,1460.61
YFT,LL,1975,IND,24433.77
ALB,LL,2001,IND,31747.69
ALB,OTHER_A,1987,ATL,60.01
YFT,OTHER_I,1985,IND,200.57
YFT,LL,1994,PAC_W,75684.80
SWO,LL,1959,PAC_W,427.15
BET,BB,1991,ATL,5388.11
YFT,LL,1964,PAC_E,16634.75
MLS,LL,1967,ATL,668.26
SFA,LL,1990,PAC_E,5.97
MLS,LL,1973,IND,1214.48
MLS,LL,1983,IND,3928.89
SBF,LL,1958,PAC_W,6378.36
BLM,LL,2005,PAC_W,2012.24
SKJ,PS,1979,PAC_E,121653.31
MLS,LL,1962,PAC_W,15151.88
YFT,OTHER_A,1997,ATL,1367.06
MLS,LL,1970,PAC_E,11000.54
SKJ,BB,1994,ATL,25494.45
BET,PS,1985,ATL,1092.38
ALB,PS,1986,ATL,31.05
BET,LL,1964,PAC_E,44891.05
SKJ,LL,1973,PAC_E,199.27
SKJ,LL,1983,PAC_E,27.79
YFT,BB,1974,IND,5019.92
ALB,BB,2000,PAC_W,21501.90
BUM,LL,1995,ATL,2154.79
BET,LL,1994,PAC_W,76786.79
YFT,BB,1991,ATL,10939.68
YFT,LL,1999,ATL,18650.04
MLS,LL,1996,PAC_W,5831.25
BLM,LL,1971,PAC_W,3779.66
ALB,BB,1982,PAC_E,197.91
BET,LL,1975,IND,37051.43
YFT,PS,1985,ATL,36182.79
BIL,LL,1974,PAC_E,4.41
BET,OTHER_A,1997,ATL,11.00
BFT,LL,1980,ATL,4936.36
SKJ,PS,1965,ATL,64.41
MLS,LL,1977,PAC_W,2943.16
MLS,LL,2004,ATL,445.00
SKJ,BB,1984,PAC_E,2367.70
BLM,LL,1984,IND,487.35
SKJ,BB,1999,PAC_W,235062.87
BUM,LL,1962,ATL,7044.13
SKJ,OTHER_I,1988,IND,2066.24
ALB,LL,2004,ATL,21104.46
ALB,LL,1977,PAC_W,48746.99
SFA,LL,1972,PAC_W,1518.62
SSP,LL,2003,IND,23.02
BFT,LL,1984,ATL,3246.56
BUM,LL,1967,PAC_W,7312.49
SKJ,LL,2001,PAC_E,26.83
BLM,LL,1980,IND,462.36
SFA,LL,1989,PAC_E,192.66
SKJ,BB,1980,PAC_E,4390.21
ALB,PS,1998,ATL,91.02
YFT,PS,1981,PAC_E,165878.58
ALB,BB,2005,PAC_W,16088.10
ALB,PS,1972,PAC_E,451.22
BFT,LL,1966,ATL,2519.90
BFT,BB,1983,ATL,361.90
ALB,LL,1996,PAC_W,60998.48
SWO,OTHER_A,1984,ATL,85.91
YFT,LL,1957,PAC_W,39883.25
SBF,LL,1963,PAC_W,25125.66
BUM,LL,1993,ATL,1811.49
BUM,LL,1974,PAC_E,1180.00
SSP,LL,1997,PAC_E,240.02
BET,OTHER_A,1978,ATL,87.00
SKJ,PS,1976,ATL,32831.99
SKJ,BB,1982,IND,15273.99
BUM,LL,1977,ATL,353.05
ALB,LL,1970,PAC_E,5916.05
BLM,LL,1982,PAC_E,208.53
BUM,LL,2004,PAC_W,20238.90
SKJ,OTHER_I,1976,IND,475.56
SWO,OTHER_I,2005,IND,1.26
ALB,LL,1962,PAC_W,37326.53
ALB,LL,1973,IND,13940.72
ALB,LL,1983,IND,19255.95
ALB,OTHER_I,1998,IND,0.46
BLM,LL,2000,PAC_W,1316.11
ALB,LL,1967,ATL,24615.29
BIL,LL,2002,PAC_E,517.84
BUM,LL,1996,ATL,2861.41
YFT,OTHER_A,1978,ATL,291.70
MLS,LL,2001,IND,2269.92
SKJ,PS,1988,ATL,65264.89
BET,LL,1957,PAC_W,34751.97
BLM,LL,1961,PAC_E,385.86
MLS,LL,1995,PAC_W,7122.72
BET,PS,1981,PAC_E,14443.46
YFT,BB,2002,IND,16144.93
ALB,LL,1993,PAC_W,55587.62
SKJ,BB,1986,PAC_W,335768.88
BET,LL,1984,ATL,39171.02
BET,PS,1970,PAC_W,472.92
SBF,LL,1991,IND,4720.05
BUM,LL,2002,PAC_W,15019.49
SKJ,OTHER_A,1999,ATL,26.87
MLS,LL,1991,IND,2489.34
SKJ,PS,1975,PAC_W,11681.66
BET,PS,1962,PAC_E,302.44
ALB,PS,1990,PAC_E,39.02
ALB,LL,1995,PAC_E,5353.27
MLS,LL,1974,ATL,956.07
MLS,LL,1993,PAC_E,3251.09
SBF,LL,1974,ATL,2561.15
SKJ,BB,1972,ATL,16750.47
BIL,LL,2004,PAC_E,309.42
SWO,LL,1978,ATL,4710.51
SKJ,BB,1998,PAC_E,1002.25
YFT,LL,1964,PAC_W,45083.23
ALB,LL,1992,ATL,29310.30
YFT,OTHER_I,1974,IND,343.48
MLS,LL,1968,IND,3605.62
BUM,BB,1982,ATL,1.00
YFT,PS,1977,PAC_E,166289.32
SBF,LL,1968,IND,50404.25
BLM,LL,1998,IND,545.58
BET,BB,1997,PAC_W,3607.22
BFT,TRAP,1973,ATL,2.01
BET,PS,2003,ATL,11906.76
SKJ,PS,1994,IND,179104.56
SBF,BB,1999,IND,5414.94
BFT,LL,1986,ATL,1664.14
YFT,LL,1994,PAC_E,27212.80
YFT,GILL,1991,IND,4918.55
SFA,LL,1957,PAC_W,932.97
SFA,LL,1990,PAC_W,1515.87
SWO,OTHER_A,1986,ATL,10.10
ALB,LL,1959,IND,10406.92
SKJ,PS,1989,IND,126740.94
MLS,LL,2003,ATL,280.96
ALB,PS,1980,ATL,23.00
YFT,LL,1989,PAC_E,16092.27
SBF,LL,2003,ATL,1927.87
BET,LL,1966,ATL,17911.55
BET,PS,1991,IND,15594.49
YFT,BB,2004,IND,14267.24
ALB,OTHER_A,1988,ATL,57.02
YFT,PS,1996,PAC_E,230556.11
YFT,OTHER_I,2003,IND,297.73
SWO,LL,2001,PAC_W,15329.95
SBF,LL,1970,PAC_W,13959.06
MLS,LL,1970,PAC_W,7602.12
SKJ,BB,2005,IND,130481.29
BET,PS,1974,ATL,5294.95
BET,PS,1993,PAC_E,8394.66
BET,BB,1973,ATL,5773.64
BET,BB,1983,ATL,9340.89
YFT,LL,1972,PAC_W,61121.83
ALB,OTHER_A,2000,ATL,25.17
SKJ,BB,1964,ATL,2317.04
MLS,LL,1962,PAC_E,3680.87
SWO,LL,1995,IND,20850.23
ALB,LL,1981,PAC_W,47185.42
SKJ,PS,1979,PAC_W,51390.56
YFT,PS,2003,ATL,64472.79
YFT,BB,1985,IND,7350.51
BET,LL,1994,PAC_E,68149.11
ALB,BB,1988,PAC_E,271.49
BET,GILL,1991,IND,117.54
ALB,LL,2002,ATL,26538.17
BET,LL,1964,PAC_W,30666.90
ALB,BB,2000,PAC_E,28.99
SWO,GILL,1990,IND,203.64
BIL,LL,1967,PAC_E,19.03
BET,PS,1977,PAC_E,9600.17
YFT,BB,1997,PAC_W,12308.84
BLM,LL,1965,PAC_E,526.75
YFT,PS,1962,PAC_E,51277.57
BUM,LL,1992,PAC_W,8388.09
YFT,LL,1984,ATL,13993.08
SKJ,BB,1971,IND,28006.19
YFT,PS,1970,PAC_W,4276.44
ALB,BB,1982,PAC_W,29685.67
BFT,BB,1978,PAC_E,4.00
SKJ,GILL,1989,IND,24983.20
ALB,LL,1963,PAC_E,12798.73
BLM,LL,1971,PAC_E,450.05
MLS,LL,1996,PAC_E,2892.55
YFT,PS,1974,ATL,38637.44
YFT,PS,1993,PAC_E,212041.48
BIL,LL,1985,PAC_E,1.00
SKJ,OTHER_A,1998,ATL,69.20
YFT,BB,1973,ATL,12031.26
YFT,BB,1983,ATL,10141.10
BET,LL,1972,PAC_W,51027.85
BET,PS,1996,PAC_E,50766.28
YFT,LL,1966,ATL,22386.61
SWO,LL,1963,IND,1113.85
YFT,PS,1991,IND,104959.48
SKJ,LL,1991,PAC_E,32.21
SKJ,GILL,1994,IND,46171.19
BFT,PS,1981,PAC_E,1085.85
MLS,LL,1960,ATL,253.07
BUM,LL,1981,ATL,822.12
SKJ,BB,1999,PAC_E,2019.68
BET,LL,1989,PAC_E,67580.07
BLM,LL,1999,IND,453.94
SKJ,BB,1984,PAC_W,374983.00
ALB,BB,1987,PAC_W,19053.70
ALB,OTHER_A,1976,ATL,149.94
MLS,LL,1977,PAC_E,3110.77
SBF,BB,1998,IND,4229.09
SKJ,LL,1968,PAC_E,231.57
BET,BB,1986,ATL,10606.84
ALB,BB,1977,PAC_W,31807.47
BUM,LL,1971,ATL,2511.64
BET,PS,2000,PAC_W,31882.13
BUM,LL,1965,ATL,5751.19
SFA,LL,2004,IND,150.70
BET,PS,1988,PAC_W,2919.33
SBF,LL,1987,PAC_E,1.00
ALB,BB,2004,ATL,7238.32
MLS,LL,1987,PAC_E,7636.36
MLS,LL,1961,PAC_E,2032.99
SKJ,BB,2001,PAC_E,447.90
SKJ,LL,1980,PAC_E,25.53
BFT,PS,1965,PAC_E,6788.30
BET,PS,1982,PAC_E,6791.41
SWO,LL,1994,ATL,35939.28
YFT,LL,1959,ATL,44120.95
BLM,LL,2001,IND,616.68
YFT,LL,1978,PAC_E,9436.54
BFT,PS,1971,PAC_E,8348.14
YFT,PS,1976,PAC_W,14816.56
SWO,GILL,1997,IND,1280.61
BLM,LL,1995,PAC_W,1330.87
YFT,BB,1990,PAC_W,12914.43
BFT,BB,1984,ATL,3.22
ALB,OTHER_I,1991,IND,9.62
BFT,LL,1973,ATL,1386.70
BFT,LL,1983,ATL,3999.23
MLS,LL,1982,PAC_E,4707.30
SWO,LL,1989,ATL,31366.10
ALB,BB,1996,PAC_W,20351.76
BLM,LL,1981,PAC_E,237.94
YFT,LL,1992,IND,66046.96
ALB,LL,2005,PAC_W,77984.51
BFT,OTHER_A,1994,ATL,320.18
SKJ,PS,1992,PAC_E,76033.02
BET,LL,2002,IND,68306.70
SKJ,BB,1981,IND,19645.34
SBF,LL,2000,PAC_W,2100.32
SKJ,PS,1995,ATL,86432.83
MLS,LL,2000,PAC_W,4224.35
SWO,LL,1998,PAC_W,18607.19
BET,PS,1987,PAC_E,997.14
MLS,LL,1956,IND,1976.16
SBF,LL,1956,IND,14780.48
SBF,LL,1988,PAC_W,2388.96
MLS,LL,1988,PAC_W,7107.86
BET,LL,1978,PAC_E,67855.75
BET,PS,1976,PAC_W,1073.24
ALB,LL,1965,PAC_W,28678.93
SKJ,OTHER_I,1995,IND,1336.05
BET,BB,1990,PAC_W,3905.44
BLM,LL,1963,PAC_W,2096.33
ALB,LL,1971,PAC_W,45990.72
BUM,LL,1979,PAC_E,1762.37
BET,LL,1959,ATL,1479.38
YFT,PS,1982,PAC_E,113694.55
BUM,LL,1972,IND,3187.99
SWO,LL,1984,PAC_E,2678.53
YFT,PS,1988,PAC_W,94691.61
ALB,PS,1991,ATL,8.00
ALB,LL,1966,IND,13060.16
SWO,LL,1999,PAC_W,19765.66
BFT,PS,1979,ATL,1382.25
YFT,BB,1986,ATL,6237.79
ALB,PS,1997,PAC_E,1.01
SKJ,TRAP,1997,ATL,1.01
YFT,PS,2000,PAC_W,195097.51
SWO,LL,1966,PAC_E,2040.25
BFT,LL,1969,PAC_E,1.00
BUM,LL,1964,IND,2999.40
YFT,PS,1987,PAC_E,241010.97
ALB,LL,1984,IND,16092.05
SKJ,OTHER_A,2001,ATL,56.40
BUM,LL,2005,ATL,1554.12
SKJ,PS,1963,ATL,2999.29
BUM,OTHER_A,2003,ATL,1.19
BFT,PS,1975,ATL,2032.03
SSP,LL,1994,PAC_W,129.58
SKJ,PS,2002,PAC_E,136184.77
BET,LL,1992,IND,34469.32
BUM,LL,1975,PAC_E,894.89
MLS,LL,1976,PAC_W,3476.78
SFA,LL,1997,PAC_W,746.75
ALB,BB,1993,PAC_W,12845.31
YFT,LL,2002,IND,49967.05
SBF,LL,1976,PAC_W,10856.16
BFT,PS,2005,PAC_E,4531.03
SFA,LL,1985,IND,56.76
ALB,BB,1985,ATL,7137.36
SBF,LL,1980,IND,18611.20
YFT,PS,1961,PAC_E,79816.69
MLS,LL,1980,IND,5837.11
ALB,PS,2003,IND,1496.17
BFT,PS,1982,PAC_E,3138.38
ALB,BB,1995,PAC_E,465.47
ALB,LL,1952,PAC_W,22404.38
ALB,LL,1976,PAC_E,2414.41
BET,OTHER_A,1989,ATL,114.04
SKJ,OTHER_I,1970,IND,633.06
YFT,GILL,1999,IND,37029.96
BET,BB,1984,ATL,9871.26
BET,PS,1971,PAC_E,4260.85
SBF,LL,1999,IND,6334.43
SKJ,OTHER_A,1991,ATL,79.00
BET,LL,1985,IND,42288.63
MLS,LL,1999,IND,2340.08
BFT,BB,1986,ATL,28.10
YFT,BB,1994,PAC_E,3606.37
YFT,PS,1979,ATL,48998.21
SKJ,LL,1998,PAC_E,48.78
SFA,LL,1992,IND,38.28
SKJ,BB,1977,IND,13664.34
BUM,LL,1982,ATL,1896.09
BET,LL,1997,PAC_W,65837.59
ALB,BB,1992,ATL,6306.00
BLM,LL,1977,PAC_E,604.73
YFT,PS,1998,IND,97003.46
YFT,PS,1975,ATL,58683.53
ALB,PS,2001,ATL,262.97
BET,PS,1999,IND,40089.21
YFT,BB,1989,PAC_E,4142.14
SFA,LL,1978,PAC_E,874.69
BUM,LL,1961,ATL,3768.21
BFT,PS,1987,PAC_E,978.36
YFT,LL,1969,PAC_E,14970.05
BUM,LL,1987,ATL,1122.32
BFT,PS,1961,PAC_E,8107.87
BET,GILL,1998,IND,290.70
SWO,LL,1976,IND,1855.49
YFT,PS,2005,PAC_E,242015.14
ALB,BB,1981,PAC_W,27387.68
BET,LL,1973,ATL,26812.47
BET,LL,1983,ATL,30396.85
MLS,LL,1965,PAC_E,9931.33
YFT,BB,1972,PAC_W,7130.47
BET,OTHER_A,1994,ATL,217.30
SWO,LL,1980,PAC_W,8716.60
BET,BB,1966,ATL,795.50
MLS,LL,1971,PAC_E,10183.94
BLM,LL,1996,PAC_E,92.16
YFT,LL,2004,IND,80419.76
SKJ,PS,2004,PAC_E,161985.61
BET,LL,1967,IND,24041.18
SKJ,BB,1996,IND,66712.22
ALB,LL,2000,PAC_E,6586.34
SKJ,BB,1973,PAC_W,250633.62
SKJ,BB,1983,PAC_W,297204.99
ALB,BB,2002,ATL,10538.09
BET,PS,1979,ATL,5482.00
SFA,LL,2002,IND,123.68
BET,PS,1998,IND,27955.33
YFT,LL,1997,PAC_W,72573.22
SKJ,PS,1974,PAC_W,11117.33
YFT,LL,1985,IND,29433.07
MLS,LL,1975,ATL,957.62
ALB,LL,1988,PAC_E,9189.95
SBF,LL,1975,ATL,635.15
SKJ,PS,1985,PAC_E,47645.76
YFT,BB,1984,ATL,11011.16
ALB,LL,1982,PAC_W,43838.10
YFT,OTHER_A,1989,ATL,2099.25
BET,GILL,1999,IND,84.00
BLM,LL,1970,PAC_W,3542.68
YFT,OTHER_I,1975,IND,346.73
SBF,PS,2004,IND,5172.47
BFT,LL,1978,PAC_E,6.29
YFT,PS,1971,PAC_E,102795.41
BFT,LL,1959,ATL,256.14
SWO,LL,1986,PAC_E,3215.30
BLM,LL,1962,PAC_E,450.73
YFT,PS,1965,PAC_E,63154.92
SWO,LL,1955,IND,480.23
BUM,LL,1957,IND,3822.42
SKJ,PS,1967,PAC_E,102224.92
BET,LL,2004,IND,86126.02
ALB,LL,1961,PAC_W,32234.25
YFT,OTHER_A,1994,ATL,1577.49
BLM,LL,1991,IND,457.81
BUM,LL,1990,IND,1652.42
SKJ,BB,1991,PAC_E,1647.43
YFT,LL,1967,IND,33576.16
SKJ,PS,2003,PAC_W,1069718.28
BLM,LL,1993,PAC_E,207.08
YFT,GILL,1998,IND,29279.58
SKJ,BB,1997,ATL,31253.51
YFT,LL,1973,ATL,13378.35
YFT,LL,1983,ATL,10946.32
YFT,OTHER_I,1979,IND,731.01
ALB,LL,1986,IND,13914.70
SKJ,BB,1993,IND,57976.92
BET,BB,1972,PAC_W,1763.89
BET,PS,2005,PAC_E,50817.45
BLM,LL,1968,IND,645.56
SBF,LL,1998,IND,6252.14
MLS,LL,1998,IND,2826.07
ALB,OTHER_A,1995,ATL,1041.53
MLS,LL,1979,ATL,403.39
BET,LL,1969,PAC_E,51505.30
MLS,LL,1953,IND,307.18
SWO,LL,2000,IND,19989.60
SBF,LL,1979,ATL,6183.58
SBF,LL,1953,IND,3740.23
SKJ,LL,1999,PAC_E,185.26
SWO,LL,1988,IND,6859.09
BET,PS,1975,ATL,3636.94
SKJ,PS,1970,ATL,23106.13
ALB,LL,1987,PAC_W,33275.57
YFT,PS,1999,IND,132129.40
SBF,LL,1987,PAC_W,3061.90
MLS,LL,1987,PAC_W,5291.21
BFT,LL,1997,PAC_E,2.01
BET,PS,1988,PAC_E,1272.62
BFT,LL,1991,ATL,4155.74
BET,PS,2000,PAC_E,76372.43
YFT,GILL,1986,IND,7085.65
ALB,LL,1979,ATL,32964.89
SKJ,PS,1981,ATL,61030.63
ALB,LL,1953,IND,1094.26
ALB,OTHER_A,1993,ATL,52.20
ALB,LL,1998,IND,25580.24
BLM,LL,1995,PAC_E,145.92
YFT,BB,1990,PAC_E,2605.62
SBF,LL,1986,IND,11299.79
SFA,LL,1969,PAC_W,2202.80
MLS,LL,1986,IND,6912.10
SWO,LL,2005,IND,18498.74
SWO,LL,1964,ATL,2496.56
YFT,PS,1976,PAC_E,208379.90
SKJ,BB,1995,IND,69668.28
YFT,LL,1978,PAC_W,109894.05
BFT,BB,1999,ATL,56.40
BET,PS,1982,PAC_W,3397.08
BFT,LL,1968,ATL,284.87
SBF,LL,1961,PAC_W,18379.38
MLS,LL,1961,PAC_W,306.09
SKJ,BB,2001,PAC_W,162844.69
SKJ,PS,1992,PAC_W,697148.78
YFT,LL,1954,IND,21570.78
BET,PS,1986,IND,10135.92
BLM,LL,1981,PAC_W,2000.38
ALB,PS,2004,IND,251.20
SBF,LL,1982,PAC_W,5540.39
MLS,LL,1982,PAC_W,4402.63
SBF,LL,1988,PAC_E,0.45
SWO,OTHER_A,1991,ATL,1.61
YFT,LL,2001,ATL,17013.77
ALB,LL,1975,ATL,29475.97
MLS,LL,1988,PAC_E,5219.36
YFT,BB,1980,ATL,2963.52
BET,PS,1987,PAC_W,6385.88
SKJ,BB,1978,ATL,37128.78
SWO,LL,1998,PAC_E,6528.21
BUM,OTHER_A,2004,ATL,3.82
SWO,LL,1972,ATL,2785.41
SBF,LL,2000,PAC_E,0.55
ALB,PS,1969,PAC_E,8.00
BET,OTHER_A,1990,ATL,105.08
MLS,LL,2000,PAC_E,1566.57
YFT,PS,1982,PAC_W,72592.03
BLM,LL,1963,PAC_E,793.13
ALB,LL,1971,PAC_E,6709.54
BUM,LL,1979,PAC_W,9396.85
BUM,OTHER_A,1985,ATL,8.00
ALB,LL,1965,PAC_E,3875.63
BET,PS,1976,PAC_E,16933.53
BET,LL,1978,PAC_W,56099.40
SSP,LL,1989,PAC_E,0.04
YFT,PS,2000,PAC_E,241919.30
BUM,LL,1989,IND,3032.63
ALB,BB,2003,ATL,4196.97
SWO,LL,1999,PAC_E,5186.03
ALB,PS,1985,IND,725.43
SWO,LL,1984,PAC_W,9963.29
ALB,OTHER_A,1996,ATL,358.09
YFT,PS,1988,PAC_E,256618.21
SFA,LL,2003,IND,107.53
SSP,LL,1994,PAC_E,218.26
BUM,LL,1994,IND,3349.67
YFT,OTHER_A,1990,ATL,1740.43
BET,LL,2001,ATL,45705.06
ALB,LL,1999,IND,25553.80
SWO,LL,1966,PAC_W,9852.47
BET,BB,1980,ATL,9371.10
YFT,PS,1987,PAC_W,151936.05
SWO,LL,1971,IND,1978.17
ALB,BB,1974,ATL,1199.01
MLS,LL,1976,PAC_E,6432.08
SKJ,LL,1986,PAC_E,55.29
SFA,LL,1997,PAC_E,765.90
BET,LL,1954,IND,6752.91
ALB,OTHER_A,1977,ATL,149.91
SWO,LL,1965,IND,1500.96
SBF,LL,1952,PAC_W,0.30
SKJ,PS,2002,PAC_W,1096629.96
ALB,PS,1983,ATL,396.33
SKJ,OTHER_I,1981,IND,412.74
YFT,PS,1986,IND,72540.25
BUM,LL,1975,PAC_W,7060.37
BUM,LL,2000,ATL,2016.37
ALB,LL,1980,IND,13475.94
BET,PS,1971,PAC_W,693.07
BET,BB,1999,ATL,5678.93
SBF,PS,2003,IND,5596.34
YFT,BB,1975,IND,4558.32
ALB,PS,1978,PAC_E,156.09
ALB,LL,1976,PAC_W,44894.17
BUM,LL,1988,ATL,1694.52
ALB,BB,1995,PAC_W,20995.38
BET,LL,1968,ATL,16604.98
SKJ,BB,1969,ATL,9448.70
SWO,LL,1990,ATL,32070.66
BET,LL,1997,PAC_E,51073.96
BFT,PS,1988,PAC_E,1382.32
BLM,LL,1977,PAC_W,2426.48
BET,LL,1974,IND,12882.53
SKJ,PS,1996,ATL,74165.95
SBF,LL,1984,IND,16602.05
MLS,LL,1984,IND,3820.78
YFT,BB,1994,PAC_W,13481.46
BET,LL,1991,ATL,45898.41
BFT,PS,2000,PAC_E,3715.95
BIL,LL,1979,PAC_E,6.01
YFT,LL,1969,PAC_W,51496.38
SFA,LL,1978,PAC_W,2491.48
SWO,LL,1957,ATL,134.11
SBF,LL,1966,IND,33487.48
BUM,OTHER_A,1992,ATL,160.20
BFT,OTHER_A,1990,ATL,14.98
MLS,LL,1966,IND,4091.33
YFT,BB,1989,PAC_W,14102.93
BET,PS,1984,IND,3561.00
SKJ,PS,2004,PAC_W,1171179.99
ALB,TROL,2003,ATL,46.12
YFT,LL,1960,IND,35955.94
SWO,LL,1980,PAC_E,3708.72
SKJ,PS,1960,PAC_E,12669.49
SBF,LL,1971,PAC_W,18103.74
BET,LL,2003,IND,81360.86
BLM,LL,1996,PAC_W,717.51
MLS,LL,1971,PAC_W,6326.08
SKJ,OTHER_A,1983,ATL,903.10
YFT,BB,1998,ATL,6648.14
ALB,BB,1981,PAC_E,609.67
SWO,LL,1952,IND,27.11
ALB,PS,1992,IND,3298.46
SBF,LL,1965,PAC_W,18990.42
YFT,PS,2005,PAC_W,253541.41
SKJ,GILL,1997,IND,55995.24
MLS,LL,1965,PAC_W,13248.14
SKJ,PS,1977,ATL,34644.27
SKJ,OTHER_I,1993,IND,760.51
YFT,BB,1979,IND,4554.79
SKJ,LL,1966,PAC_E,226.90
ALB,LL,1988,PAC_W,41324.04
BET,BB,1994,PAC_W,2933.25
SKJ,PS,1985,PAC_W,293151.93
SWO,LL,1987,IND,5265.35
BFT,TRAP,1998,ATL,45.01
SWO,OTHER_A,2001,ATL,399.43
BUM,LL,1976,ATL,1239.51
YFT,LL,1991,ATL,13942.16
ALB,LL,1956,IND,5073.09
SKJ,OTHER_I,1977,IND,304.08
BLM,LL,1973,IND,519.10
BLM,LL,1983,IND,719.17
SKJ,PS,1993,ATL,122604.76
YFT,LL,1997,PAC_E,20314.55
SKJ,PS,1974,PAC_E,74077.84
BLM,LL,1958,PAC_W,1869.03
ALB,OTHER_A,1981,ATL,113.00
SKJ,BB,1983,PAC_E,4008.27
YFT,LL,1974,IND,9348.60
SKJ,PS,1997,IND,144280.11
ALB,LL,2000,PAC_W,62609.60
YFT,LL,1968,ATL,25063.15
SWO,LL,1986,PAC_W,11446.36
MLS,LL,2005,PAC_W,4159.20
BLM,LL,1962,PAC_W,2094.19
SBF,LL,2005,PAC_W,49.98
YFT,BB,1999,ATL,2622.03
SWO,LL,1961,IND,1318.35
BFT,PS,1976,PAC_E,10642.94
SKJ,BB,1970,IND,27599.11
YFT,PS,1971,PAC_W,9144.95
ALB,LL,1982,PAC_E,8261.90
BLM,LL,1970,PAC_E,610.85
BET,BB,1998,ATL,3192.80
BET,PS,2005,PAC_W,32587.70
ALB,PS,2002,IND,700.43
BLM,LL,1993,PAC_W,1441.92
ALB,LL,1955,PAC_W,21223.78
BET,LL,1960,IND,14877.76
SWO,LL,1982,IND,2709.53
SKJ,PS,2003,PAC_E,235712.35
SKJ,BB,1991,PAC_W,288955.70
ALB,LL,1961,PAC_E,1989.36
SKJ,OTHER_I,1996,IND,1085.58
YFT,LL,2003,IND,55858.84
SKJ,LL,1984,PAC_E,31.10
ALB,LL,1987,PAC_E,9240.25
BET,BB,1989,PAC_W,4282.52
BUM,OTHER_A,2002,ATL,0.70
YFT,PS,1984,IND,56515.68
SKJ,PS,1962,ATL,461.97
BET,LL,1969,PAC_W,32260.43
BFT,BB,1980,ATL,414.01
BFT,LL,2001,ATL,4929.25
BLM,LL,2003,PAC_E,65.49
SKJ,OTHER_I,2004,IND,70.00
YFT,LL,1991,PAC_W,60997.50
BUM,LL,1976,PAC_W,6719.55
ALB,LL,1988,ATL,24713.20
BET,BB,1994,ATL,3038.75
MLS,LL,1975,PAC_E,5385.84
SKJ,BB,2003,IND,107454.29
SKJ,PS,1985,ATL,54900.44
BLM,LL,1967,PAC_W,2360.68
ALB,LL,2000,ATL,28066.34
YFT,OTHER_I,2005,IND,291.37
BUM,LL,1980,IND,3399.80
BET,PS,1979,PAC_E,10813.09
SKJ,PS,1993,PAC_W,583920.54
MLS,LL,2005,ATL,481.73
SWO,LL,1986,ATL,18171.70
YFT,LL,1968,PAC_W,46101.01
SBF,LL,2005,ATL,310.28
SWO,TRAP,1973,ATL,8.01
SBF,LL,1964,IND,33887.35
MLS,LL,1964,IND,1556.29
YFT,BB,1984,PAC_E,2923.27
YFT,BB,1999,PAC_W,13802.92
BFT,LL,1978,ATL,3796.15
YFT,PS,1971,ATL,24335.45
BLM,LL,1974,PAC_E,487.31
ALB,OTHER_A,1992,ATL,101.94
SKJ,BB,1997,PAC_E,3081.15
SKJ,PS,1983,IND,9746.46
YFT,LL,1973,PAC_E,11439.98
YFT,LL,1983,PAC_E,10040.56
SKJ,BB,1974,IND,22527.93
BET,PS,2005,ATL,6361.88
BLM,LL,1997,IND,545.75
BET,BB,1998,PAC_W,2444.15
SKJ,PS,1967,ATL,2679.53
BLM,LL,1985,PAC_W,1050.61
BFT,OTHER_A,1986,ATL,42.21
SWO,GILL,2001,IND,2430.20
SKJ,BB,1991,ATL,30844.23
BET,PS,1975,PAC_E,6543.23
YFT,LL,1970,IND,25201.31
BET,BB,1989,ATL,4931.22
SKJ,PS,1970,PAC_E,46745.49
BET,OTHER_A,1984,ATL,110.96
MLS,LL,1972,IND,1882.48
SBF,LL,1972,IND,26745.36
BET,LL,1969,ATL,18695.36
SKJ,BB,1968,ATL,361.79
MLS,LL,1979,PAC_E,4095.98
BET,BB,1984,PAC_E,2.00
BET,PS,1971,ATL,3692.22
BUM,LL,2000,PAC_W,14091.24
SFA,LL,2001,PAC_W,575.96
BET,BB,1999,PAC_W,2173.30
ALB,BB,1995,ATL,6238.08
BUM,LL,1988,PAC_W,11351.10
SBF,BB,1997,IND,4849.99
BET,LL,1968,PAC_W,27471.42
ALB,LL,1976,ATL,40043.61
BUM,LL,1956,IND,4954.95
SFA,LL,1995,IND,78.42
YFT,PS,1979,PAC_E,159429.40
SKJ,LL,1972,PAC_E,234.85
BET,OTHER_I,2005,IND,3.73
BUM,LL,1982,PAC_E,2073.62
SWO,LL,1990,PAC_W,9590.12
SKJ,OTHER_A,1997,ATL,65.00
ALB,BB,1992,PAC_E,255.32
BET,LL,1991,PAC_W,59325.79
BLM,LL,2004,PAC_W,1724.31
SKJ,PS,1996,PAC_W,754148.12
YFT,BB,1994,ATL,11219.42
BLM,LL,1960,PAC_E,162.58
BUM,LL,1961,PAC_E,2589.64
YFT,LL,1969,ATL,22130.67
YFT,PS,1975,PAC_E,179795.43
ALB,PS,2001,PAC_E,3.02
BET,LL,1970,IND,22661.38
SKJ,TRAP,2001,ATL,0.10
YFT,OTHER_I,1971,IND,177.63
YFT,OTHER_A,1984,ATL,156.53
YFT,BB,1989,ATL,8765.27
SBF,LL,1971,ATL,2019.32
MLS,LL,1971,ATL,1416.16
SKJ,OTHER_I,1985,IND,308.34
SKJ,PS,2004,ATL,71200.18
BUM,LL,1987,PAC_E,3548.73
SKJ,PS,1977,PAC_W,34695.36
SBF,LL,1965,ATL,61.04
YFT,PS,2005,ATL,42477.29
SKJ,LL,1964,PAC_E,96.08
YFT,BB,1998,PAC_W,13114.49
ALB,OTHER_A,2002,ATL,1139.74
MLS,LL,1965,ATL,4631.03
BET,LL,1973,PAC_E,49676.58
BET,LL,1983,PAC_E,58855.81
BUM,LL,1979,ATL,488.99
BUM,LL,1953,IND,1298.05
BUM,OTHER_A,1993,ATL,285.58
SSP,LL,1998,PAC_E,195.68
BUM,LL,1998,IND,5236.37
ALB,BB,1970,ATL,200.02
YFT,PS,1982,ATL,44250.94
YFT,GILL,1990,IND,17758.69
BET,LL,1978,ATL,26577.45
ALB,PS,1968,PAC_E,157.41
BIL,LL,1988,PAC_E,1.00
YFT,BB,1986,PAC_E,2509.15
SKJ,OTHER_I,1992,IND,956.14
SBF,LL,1990,IND,7046.31
MLS,LL,1990,IND,1147.64
SBF,PS,1995,IND,2253.63
SFA,LL,1983,PAC_E,887.36
ALB,PS,1993,IND,1334.45
BLM,LL,2002,PAC_W,1545.98
SWO,LL,1984,ATL,10022.46
BIL,LL,2000,PAC_E,1.98
ALB,BB,2003,PAC_W,36067.38
BFT,PS,1979,PAC_E,6096.90
BFT,BB,1989,ATL,0.98
SFA,LL,1968,PAC_W,2371.33
SWO,BB,1983,ATL,6.01
BET,PS,1990,IND,12645.77
BFT,PS,1975,PAC_E,9485.80
BET,LL,1995,IND,56320.17
SWO,LL,1966,ATL,1957.68
BFT,LL,1969,ATL,117.99
SBF,LL,1957,IND,14060.37
YFT,LL,1963,IND,22000.61
YFT,PS,1987,ATL,23881.64
MLS,LL,1957,IND,1923.70
BET,BB,1980,PAC_W,2275.04
BET,LL,2001,PAC_W,72364.43
SKJ,PS,1963,PAC_E,77399.41
SSP,LL,2005,IND,30.04
YFT,BB,1988,IND,6096.96
SFA,LL,1991,PAC_W,1424.28
ALB,OTHER_A,2004,ATL,6.03
ALB,BB,1985,PAC_E,878.54
SKJ,PS,2002,ATL,44082.71
BUM,LL,1975,ATL,1135.73
YFT,BB,2000,IND,9991.44
ALB,BB,1974,PAC_W,73571.57
BET,OTHER_A,1986,ATL,35.96
ALB,OTHER_A,1985,ATL,181.00
BUM,LL,1965,PAC_E,1856.73
SBF,LL,1987,ATL,1115.51
ALB,PS,1996,IND,1525.83
MLS,LL,1987,ATL,1114.48
BLM,LL,1992,PAC_W,1662.49
BUM,LL,1971,PAC_E,1030.05
SKJ,OTHER_I,2002,IND,0.86
ALB,LL,1979,PAC_W,36324.24
SKJ,PS,1981,PAC_W,88512.81
YFT,LL,1978,ATL,17708.78
BFT,PS,1971,ATL,2850.00
SWO,LL,1964,PAC_W,5934.73
BET,GILL,1990,IND,350.00
BUM,OTHER_A,1996,ATL,98.34
MLS,LL,1961,ATL,692.00
SKJ,BB,2001,ATL,33219.76
ALB,LL,1989,IND,7974.45
BET,PS,1982,ATL,5272.32
BFT,PS,1965,ATL,2858.32
SWO,LL,1994,PAC_E,2985.54
YFT,OTHER_I,1987,IND,220.21
SWO,GILL,1991,IND,225.12
YFT,OTHER_A,1986,ATL,2092.80
SKJ,PS,1992,ATL,86939.66
SSP,LL,1999,PAC_E,275.74
ALB,OTHER_I,1997,IND,0.00
BUM,LL,1999,IND,3951.63
SBF,LL,1982,ATL,1133.61
MLS,LL,1982,ATL,618.36
BFT,LL,1973,PAC_E,17.74
ALB,LL,1994,IND,16584.70
SWO,LL,1989,PAC_E,3325.82
BET,PS,1987,ATL,6461.40
YFT,BB,1980,PAC_W,11838.21
YFT,OTHER_I,1982,IND,286.24
BET,LL,1963,IND,11638.45
YFT,LL,2001,PAC_W,76310.81
ALB,LL,1975,PAC_W,31144.02
SKJ,LL,1990,PAC_E,38.81
SKJ,PS,1995,PAC_E,111966.42
YFT,BB,1976,IND,5331.44
YFT,LL,1995,IND,34023.48
SKJ,BB,1978,PAC_W,322084.90
YFT,PS,1990,IND,107739.93
SWO,LL,1972,PAC_W,8090.36
YFT,LL,1997,ATL,13793.90
SKJ,PS,1974,ATL,43606.98
SKJ,PS,1993,PAC_E,74656.45
YFT,OTHER_A,1998,ATL,1210.84
SKJ,BB,1973,ATL,18026.77
SKJ,BB,1983,ATL,31052.96
YFT,LL,1993,IND,98109.95
BET,BB,1964,ATL,1782.55
BET,PS,1979,PAC_W,1639.78
ALB,BB,2002,PAC_W,48468.06
SKJ,PS,1991,IND,120025.47
MLS,LL,1975,PAC_W,3737.61
BLM,LL,1967,PAC_E,690.94
SBF,LL,1975,PAC_W,6550.98
BFT,TRAP,1972,ATL,158.47
BET,LL,1996,IND,57833.56
BLM,LL,2003,PAC_W,1348.29
YFT,LL,1991,PAC_E,29555.33
BUM,LL,1976,PAC_E,1404.77
YFT,GILL,1994,IND,41040.15
YFT,BB,1999,PAC_E,1740.60
BFT,PS,1976,ATL,332.00
BET,PS,1989,IND,11996.54
ALB,LL,1982,ATL,37668.78
MLS,LL,1994,IND,4021.98
YFT,BB,1984,PAC_W,12323.76
BFT,BB,1990,ATL,12.05
SBF,LL,1994,IND,3922.77
BIL,LL,1971,PAC_E,5.95
YFT,LL,1968,PAC_E,14812.29
SKJ,BB,1985,IND,42749.82
SKJ,PS,2003,ATL,65661.88
BET,PS,1994,IND,18870.96
ALB,LL,1961,ATL,10729.34
BLM,LL,1985,PAC_E,173.73
MLS,LL,1989,IND,2839.45
SBF,LL,1989,IND,10975.89
BET,BB,1972,ATL,3790.73
BET,LL,1977,IND,35485.16
YFT,LL,1983,PAC_W,85641.92
YFT,LL,1973,PAC_W,62210.63
YFT,LL,1958,IND,22666.57
BLM,LL,1974,PAC_W,3116.64
SKJ,BB,1997,PAC_W,223358.54
SKJ,PS,1962,PAC_E,55203.48
BIL,LL,1999,IND,0.94
MLS,LL,1979,PAC_W,5039.10
SBF,LL,1979,PAC_W,7106.16
BFT,LL,2001,PAC_E,10.01
BUM,TRAP,2004,ATL,0.03
YFT,LL,1962,IND,44434.72
ALB,LL,1987,ATL,37365.93
YFT,BB,1971,IND,1388.59
SKJ,PS,1970,PAC_W,2812.08
SWO,LL,1956,ATL,1.02
BET,OTHER_A,1999,ATL,20.04
YFT,GILL,1989,IND,16979.51
BET,PS,1975,PAC_W,1056.03
ALB,PS,1978,ATL,77.00
BLM,LL,1969,IND,856.47
BUM,LL,1988,PAC_E,2573.23
BET,LL,1968,PAC_E,34491.54
SFA,LL,2001,PAC_E,30.14
BUM,LL,2000,PAC_E,2082.92
SSP,LL,2000,IND,30.02
YFT,PS,1989,IND,89670.74
SKJ,LL,1989,PAC_E,25.94
BET,BB,1984,PAC_W,3470.98
SKJ,PS,1996,PAC_E,90713.04
SKJ,BB,2004,IND,104562.14
BLM,LL,1960,PAC_W,1332.05
BET,LL,1991,PAC_E,101713.32
BET,GILL,1994,IND,105.08
ALB,LL,1957,IND,4661.96
BLM,LL,2004,PAC_E,30.71
SKJ,OTHER_I,2003,IND,71.78
YFT,LL,1996,IND,45048.75
BET,LL,1997,ATL,48853.21
SWO,LL,1990,PAC_E,3636.39
BUM,LL,1982,PAC_W,7857.46
YFT,BB,2005,IND,14526.60
ALB,BB,1992,PAC_W,13816.60
YFT,PS,1979,PAC_W,27639.90
BET,OTHER_A,1998,ATL,11.04
BET,LL,1993,IND,53359.87
SFA,LL,1959,PAC_W,1746.72
YFT,OTHER_A,1999,ATL,1200.40
SSP,LL,1986,PAC_E,4.92
BET,GILL,1989,IND,344.27
BUM,LL,1986,IND,6286.50
YFT,PS,1975,PAC_W,12874.85
SBF,PS,1993,IND,1542.14
BET,LL,1962,IND,17217.92
ALB,LL,1990,IND,6702.36
ALB,PS,1995,IND,1254.28
ALB,BB,1981,ATL,3171.50
YFT,BB,1998,PAC_E,2874.40
BET,LL,1958,IND,10109.55
YFT,BB,1972,ATL,10884.56
YFT,LL,1977,IND,43266.60
BET,LL,1983,PAC_W,44801.54
BET,LL,1973,PAC_W,42105.67
SKJ,PS,1977,PAC_E,78391.16
BUM,LL,1987,PAC_W,9586.30
SKJ,OTHER_I,1974,IND,419.40
SFA,LL,1981,IND,117.42
YFT,PS,1994,IND,111529.26
BUM,OTHER_A,1995,ATL,524.50
SWO,LL,1980,ATL,8681.68
SKJ,LL,1994,PAC_E,69.41
SKJ,GILL,1991,IND,30571.54
ALB,LL,1965,ATL,42629.42
BIL,LL,1982,PAC_E,2.82
BET,BB,1990,ATL,5822.47
SKJ,OTHER_A,1978,ATL,478.05
BET,PS,1976,ATL,5172.84
YFT,OTHER_A,1980,ATL,172.94
BET,LL,1959,PAC_W,40280.86
SSP,LL,1998,PAC_W,396.91
SKJ,GILL,2001,IND,68309.61
ALB,LL,1971,ATL,30028.03
YFT,BB,1987,IND,7700.65
SWO,LL,1999,ATL,27497.53
YFT,PS,1988,ATL,27297.91
YFT,PS,2000,ATL,67231.54
BLM,LL,2002,PAC_E,73.35
SFA,LL,1973,PAC_W,2313.77
SFA,LL,1983,PAC_W,2017.64
YFT,BB,1986,PAC_W,12717.54
BET,LL,1981,IND,33963.80
SKJ,BB,2002,IND,113862.79
BET,LL,2001,PAC_E,60479.60
YFT,BB,1982,IND,4800.30
BUM,LL,2005,PAC_W,18273.36
YFT,OTHER_I,1976,IND,497.99
BFT,OTHER_A,1999,ATL,511.28
BIL,LL,1987,PAC_E,35.85
MLS,LL,1976,ATL,869.86
ALB,BB,1993,ATL,6855.00
SBF,LL,1976,ATL,686.84
ALB,PS,1983,PAC_E,7.00
SFA,LL,1993,IND,3.56
ALB,BB,1985,PAC_W,20618.07
SFA,LL,1991,PAC_E,9.88
BET,PS,2000,ATL,11597.40
BFT,LL,1991,PAC_E,2.01
SFA,LL,1977,IND,139.25
BUM,LL,1971,PAC_W,6452.37
ALB,LL,1979,PAC_E,5424.47
SKJ,PS,1981,PAC_E,116821.04
SKJ,BB,1992,IND,57623.93
ALB,OTHER_A,1974,ATL,52.90
YFT,LL,1981,IND,21420.40
ALB,BB,1977,ATL,1001.10
BLM,LL,1992,PAC_E,212.46
ALB,LL,1972,IND,8349.60
BET,BB,1986,PAC_W,2873.90
BFT,OTHER_A,1998,ATL,697.24
SWO,TRAP,2001,ATL,0.10
ALB,BB,2004,PAC_W,32269.88
BFT,LL,1997,ATL,5857.44
BET,PS,1988,ATL,7029.80
BUM,LL,1965,PAC_W,7275.01
SWO,LL,1975,IND,2241.43
BET,OTHER_A,1980,ATL,9.04
BFT,LL,1968,PAC_E,6.60
SWO,LL,1994,PAC_W,16841.21
YFT,LL,1959,PAC_W,43842.16
YFT,BB,1990,ATL,10087.96
YFT,PS,1976,ATL,50430.88
SWO,LL,1964,PAC_E,3016.57
BUM,LL,1966,IND,3450.70
ALB,BB,1996,ATL,5487.17
YFT,OTHER_I,1988,IND,831.22
SWO,LL,1989,PAC_W,10427.11
ALB,OTHER_A,2003,ATL,648.54
SFA,LL,1996,IND,100.92
ALB,LL,1964,IND,17817.55
SSP,LL,1999,PAC_W,438.61
BUM,LL,1984,IND,4693.63
ALB,LL,2005,ATL,18635.73
YFT,OTHER_I,2000,IND,67.99
SWO,LL,1998,ATL,27841.04
SKJ,BB,1978,PAC_E,5317.58
SWO,LL,1972,PAC_E,2302.06
SBF,LL,2000,ATL,1271.73
BLM,LL,1978,IND,176.91
SWO,OTHER_A,1997,ATL,178.84
MLS,LL,2000,ATL,706.09
SWO,LL,1979,IND,2236.30
SKJ,PS,1995,PAC_W,737719.80
SBF,LL,1988,ATL,547.14
MLS,LL,1988,ATL,944.71
ALB,LL,1975,PAC_E,1235.74
YFT,LL,2001,PAC_E,23775.94
YFT,BB,1980,PAC_E,1244.04
SKJ,PS,2001,IND,180690.90
SKJ,OTHER_A,1994,ATL,222.18
BFT,PS,1992,PAC_E,1921.81
SKJ,BB,1966,ATL,2028.53
BUM,LL,1995,PAC_E,2990.94
YFT,PS,1967,PAC_E,64850.95
SSP,LL,1995,IND,22.91
YFT,BB,1991,PAC_E,2717.34
BET,PS,2004,PAC_E,54524.97
YFT,PS,2003,PAC_W,206212.52
YFT,BB,1997,ATL,6209.94
ALB,PS,1986,PAC_E,47.00
SSP,LL,2001,PAC_W,258.24
SKJ,GILL,1998,IND,56927.52
BET,LL,2005,IND,68735.51
BET,LL,1964,ATL,17511.31
ALB,LL,2002,PAC_W,81986.71
SKJ,OTHER_I,1979,IND,331.69
YFT,BB,1993,IND,9290.41
SFA,LL,1982,IND,108.87
YFT,LL,1999,PAC_E,9744.48
BUM,LL,1992,ATL,1990.82
BFT,LL,1990,ATL,2483.68
SKJ,PS,1999,IND,190689.03
YFT,PS,1970,ATL,26854.53
ALB,BB,1982,ATL,3398.77
YFT,LL,1984,PAC_W,72529.19
BET,LL,1998,PAC_E,44556.37
BUM,LL,1959,IND,4395.20
BET,LL,1972,ATL,23746.79
YFT,BB,1973,PAC_W,7204.21
YFT,BB,1983,PAC_W,12376.47
BFT,LL,1957,ATL,63.01
SBF,LL,1969,IND,45401.26
ALB,PS,2000,IND,1164.48
SFA,LL,1986,PAC_W,777.48
YFT,PS,1974,PAC_W,17100.08
SWO,OTHER_A,1990,ATL,28.00
MLS,LL,1969,IND,4331.31
ALB,PS,1988,IND,267.69
BET,OTHER_A,1991,ATL,72.07
YFT,PS,1985,PAC_E,207412.36
BIL,LL,1993,PAC_E,40.01
YFT,LL,1966,PAC_W,61522.81
SKJ,OTHER_A,1989,ATL,47.86
SKJ,BB,1984,ATL,26306.67
ALB,BB,1987,ATL,7281.77
MLS,LL,2004,PAC_E,1121.99
YFT,LL,1971,IND,25415.27
SKJ,PS,1971,PAC_E,93277.78
SFA,LL,1987,IND,71.66
SBF,LL,1960,PAC_W,7073.94
BUM,OTHER_A,2000,ATL,92.78
SKJ,OTHER_I,1975,IND,267.69
BUM,LL,1981,PAC_W,10312.45
MLS,LL,1960,PAC_W,398.07
SKJ,PS,1965,PAC_E,60474.21
YFT,LL,1965,IND,24933.71
SBF,PS,2005,IND,5320.73
BUM,LL,2002,ATL,1162.64
MLS,LL,1985,PAC_E,1599.73
BET,LL,1999,PAC_E,31724.57
BLM,LL,1989,IND,712.70
SKJ,PS,1975,ATL,18300.41
BET,PS,1970,ATL,2916.23
SFA,LL,1980,PAC_E,242.93
SKJ,BB,1989,PAC_E,2816.02
BET,LL,1984,PAC_W,51166.17
MLS,LL,1974,PAC_W,4811.67
BFT,OTHER_A,2001,ATL,718.79
BFT,PS,1963,ATL,5469.60
SWO,GILL,1986,IND,24.31
SBF,LL,1974,PAC_W,11094.48
SKJ,LL,1969,PAC_E,217.23
YFT,LL,2005,IND,103751.93
ALB,LL,1992,PAC_W,45454.57
BET,BB,1997,ATL,2822.49
BLM,LL,1979,PAC_W,2396.24
SKJ,BB,1972,PAC_W,170889.54
YFT,LL,1964,ATL,35327.00
BUM,LL,1963,PAC_E,4890.44
SKJ,PS,2005,PAC_E,219228.44
SWO,LL,1978,PAC_W,9845.71
BIL,LL,1977,PAC_E,14.69
BET,PS,1967,PAC_E,1697.72
BFT,PS,2002,PAC_E,1705.07
YFT,BB,1996,IND,11444.80
YFT,PS,2004,PAC_E,222236.04
ALB,GILL,1988,IND,14440.67
BET,PS,2003,PAC_W,24049.09
SWO,LL,1954,IND,298.47
BET,LL,1965,IND,17645.43
BET,LL,1971,IND,16795.75
MLS,LL,2003,PAC_W,4968.64
YFT,OTHER_I,1970,IND,251.47
SKJ,GILL,1999,IND,72503.04
SBF,LL,2003,PAC_W,58.73
BLM,LL,1975,PAC_W,3283.05
MLS,LL,1967,PAC_E,10446.26
YFT,OTHER_A,1991,ATL,326.10
SWO,LL,2001,ATL,24980.53
SBF,LL,1970,ATL,4283.20
BLM,LL,1994,IND,696.43
MLS,LL,1970,ATL,1316.52
SKJ,BB,1994,PAC_E,3207.15
BET,LL,1966,PAC_W,31611.74
BFT,TRAP,1997,ATL,19.02
BET,PS,1985,PAC_E,5746.51
YFT,LL,1972,ATL,11830.25
YFT,BB,1977,IND,4995.01
BET,BB,1973,PAC_W,1263.35
BET,BB,1983,PAC_W,4069.47
ALB,LL,1981,ATL,29562.52
SKJ,PS,1979,ATL,36425.73
YFT,LL,1998,PAC_E,12694.66
BIL,LL,1996,PAC_E,26.63
SKJ,PS,1998,IND,147909.99
BET,PS,1974,PAC_W,1124.17
SKJ,PS,1987,PAC_E,50533.00
ALB,PS,1984,PAC_E,3924.20
BUM,LL,1977,PAC_W,7001.13
ALB,OTHER_A,1975,ATL,103.79
YFT,OTHER_A,2001,ATL,1374.53
SWO,LL,1991,ATL,29589.09
ALB,BB,1971,ATL,300.16
YFT,LL,1987,IND,43902.29
ALB,LL,1962,ATL,22896.78
BET,LL,1990,ATL,45322.86
SWO,LL,1997,PAC_E,6353.84
BET,PS,1995,ATL,21086.54
BUM,LL,2004,ATL,1339.33
SWO,LL,1974,IND,1736.88
BFT,PS,2004,PAC_E,8916.32
MLS,LL,1978,IND,6888.33
YFT,PS,2002,PAC_E,376886.37
SBF,LL,1978,IND,13331.93
ALB,LL,1958,ATL,1990.32
BET,PS,1992,PAC_E,6333.86
SWO,LL,1968,ATL,1857.87
YFT,LL,1986,PAC_W,64683.13
BFT,LL,1964,ATL,12828.25
ALB,LL,2003,PAC_E,16287.77
YFT,LL,1961,IND,32690.70
SKJ,PS,1961,PAC_E,40818.02
ALB,LL,1967,PAC_W,58214.13
SFA,LL,1966,PAC_W,2214.64
SBF,GILL,1987,IND,14.02
BET,LL,1952,IND,279.19
MLS,LL,1992,PAC_E,2826.16
YFT,OTHER_I,1995,IND,1841.80
BUM,LL,1996,PAC_W,14341.74
SFA,LL,1999,PAC_E,60.40
YFT,LL,1982,IND,31324.92
BET,LL,1980,PAC_E,62475.07
SKJ,PS,1982,PAC_E,98008.67
SFA,LL,1984,PAC_W,1557.83
SWO,LL,2003,IND,25773.92
BET,LL,1957,ATL,454.25
ALB,PS,1966,PAC_E,18.97
SKJ,PS,1988,PAC_W,484044.28
ALB,OTHER_I,1994,IND,1.85
ALB,LL,1985,PAC_W,37999.61
BFT,LL,1998,PAC_E,4.99
BFT,LL,1972,ATL,673.04
ALB,LL,1993,ATL,30740.47
SKJ,BB,1986,ATL,31455.21
ALB,LL,1974,PAC_E,4211.05
ALB,OTHER_A,1979,ATL,468.49
MLS,LL,1995,ATL,1223.08
ALB,LL,1997,IND,18996.07
SKJ,PS,2000,PAC_W,930547.44
BFT,OTHER_A,1991,ATL,18.02
SBF,LL,1995,ATL,1451.52
BET,LL,1961,IND,13063.43
ALB,LL,2004,PAC_W,76728.48
ALB,LL,1960,PAC_E,2000.93
BUM,LL,1962,PAC_W,13627.26
ALB,PS,1994,ATL,277.90
SFA,LL,1998,PAC_E,375.40
ALB,BB,1979,PAC_E,178.18
BET,PS,2002,PAC_E,50380.54
ALB,LL,1977,ATL,40726.75
BUM,LL,1970,PAC_E,1706.29
BFT,PS,1967,PAC_E,5880.26
BET,LL,1986,PAC_W,55184.67
YFT,PS,1992,PAC_E,222169.55
YFT,BB,1981,IND,5757.27
BUM,LL,1967,ATL,1508.78
YFT,PS,1995,ATL,80176.88
BFT,PS,1970,ATL,3136.83
YFT,LL,1990,ATL,20060.27
BFT,LL,1999,PAC_E,9.00
BUM,LL,1973,IND,1910.25
BUM,LL,1983,IND,4489.09
BET,LL,1987,IND,47524.19
BET,OTHER_A,2001,ATL,30.41
SWO,LL,1969,PAC_W,8908.23
BFT,PS,1985,PAC_E,3992.11
SFA,LL,2005,IND,178.72
ALB,BB,2005,ATL,4881.24
ALB,LL,1996,ATL,24860.15
MLS,LL,1963,ATL,2418.25
YFT,LL,1957,ATL,13185.88
BIL,LL,1981,PAC_E,8.96
YFT,BB,2001,PAC_E,3922.31
SWO,LL,1960,IND,1241.44
BET,LL,1982,IND,42405.00
ALB,PS,1989,ATL,11.97
YFT,LL,1980,PAC_E,12782.48
BUM,LL,1993,PAC_W,9877.51
SKJ,LL,1978,PAC_E,56.42
YFT,LL,1952,IND,3697.79
SKJ,PS,1976,PAC_W,23072.31
BUM,LL,1985,ATL,2312.60
MLS,LL,2002,PAC_E,1861.97
BET,OTHER_I,1995,IND,0.18
SKJ,BB,1990,PAC_W,221318.99
BET,OTHER_A,1983,ATL,2.12
ALB,LL,2002,PAC_E,10993.35
ALB,BB,2000,ATL,4616.84
BET,GILL,1997,IND,296.80
BET,PS,1977,ATL,6397.72
SSP,LL,2001,PAC_E,285.88
SFA,LL,2000,IND,193.82
BUM,LL,2001,IND,3545.29
BUM,OTHER_A,1987,ATL,8.01
YFT,PS,2003,PAC_E,347082.22
YFT,BB,1991,PAC_W,12597.32
BET,PS,2004,PAC_W,26983.63
BET,LL,1994,ATL,60351.89
ALB,BB,1988,ATL,6545.01
YFT,OTHER_I,1996,IND,1478.95
BUM,LL,1995,PAC_W,18094.98
SFA,LL,1956,PAC_W,649.69
YFT,LL,1984,PAC_E,9513.64
SBF,LL,1996,ATL,1218.84
BFT,BB,1978,ATL,1561.03
SKJ,PS,1984,IND,41873.00
ALB,PS,1987,IND,243.08
MLS,LL,1996,ATL,907.69
ALB,LL,1963,ATL,31252.72
YFT,LL,1999,PAC_W,60553.90
BIL,LL,1970,PAC_E,22.78
BET,PS,1996,ATL,21312.43
YFT,PS,1985,PAC_W,100087.29
YFT,LL,1966,PAC_E,8915.72
YFT,PS,1993,ATL,94849.33
SFA,LL,1986,PAC_E,583.88
SKJ,LL,1997,PAC_E,126.35
YFT,PS,1974,PAC_E,184369.41
YFT,OTHER_I,1977,IND,428.13
BET,LL,1953,PAC_W,21668.93
BET,LL,1998,PAC_W,81378.22
YFT,BB,1983,PAC_E,3950.62
YFT,PS,1997,IND,130163.30
SBF,LL,1977,ATL,3152.43
MLS,LL,1977,ATL,725.91
ALB,OTHER_I,1990,IND,27.63
SWO,LL,2002,IND,22331.66
BET,BB,1969,ATL,5635.76
YFT,BB,1970,IND,2290.78
SKJ,PS,1971,PAC_W,13799.36
SKJ,BB,1999,ATL,5261.97
MLS,LL,1960,PAC_E,529.19
BUM,LL,1981,PAC_E,1935.00
SBF,LL,2004,PAC_W,254.32
BET,LL,1989,ATL,50124.78
MLS,LL,2004,PAC_W,4866.55
ALB,PS,1990,ATL,1.02
SBF,LL,1997,IND,6481.02
ALB,LL,1995,ATL,24609.42
SFA,LL,1976,IND,181.11
MLS,LL,1997,IND,3189.93
MLS,LL,1993,ATL,1219.84
ALB,BB,1976,ATL,692.86
MLS,LL,1974,PAC_E,5289.55
SBF,LL,1993,ATL,1694.57
BET,LL,1984,PAC_E,44556.98
SFA,LL,1980,PAC_W,2755.05
SKJ,BB,1989,PAC_W,287447.01
MLS,LL,1985,PAC_W,5412.25
BET,LL,1999,PAC_W,71270.48
SBF,OTHER_I,1994,IND,19.08
SBF,LL,1985,PAC_W,2766.67
BET,PS,2003,PAC_E,47388.76
BET,BB,1991,PAC_W,1987.43
YFT,PS,2004,PAC_W,172302.33
YFT,LL,1994,ATL,16955.91
SWO,LL,1959,ATL,98.89
BET,OTHER_I,1996,IND,2.87
YFT,PS,1960,PAC_E,77627.21
BLM,LL,1979,PAC_E,315.64
YFT,GILL,1997,IND,29588.48
ALB,LL,1954,PAC_W,25748.40
YFT,OTHER_A,1983,ATL,226.32
SKJ,BB,1998,ATL,32733.98
SWO,LL,1978,PAC_E,4021.04
BUM,LL,1963,PAC_W,10868.62
SKJ,PS,2005,PAC_W,1244738.95
ALB,LL,1992,PAC_E,13029.38
YFT,OTHER_I,1993,IND,373.42
BLM,LL,1972,IND,928.96
SKJ,BB,1979,IND,17253.24
YFT,PS,1977,ATL,89234.46
BLM,LL,1975,PAC_E,357.44
SBF,LL,1967,PAC_W,11987.04
ALB,GILL,1987,IND,14025.90
MLS,LL,1967,PAC_W,11535.36
YFT,LL,1989,ATL,18273.40
MLS,LL,2003,PAC_E,1648.88
ALB,PS,1980,PAC_E,4.98
SKJ,BB,1975,IND,14922.48
SWO,LL,1992,IND,10846.83
MLS,LL,1958,ATL,160.96
YFT,BB,1969,ATL,14978.81
ALB,LL,1978,IND,17843.68
YFT,LL,1953,PAC_W,22820.96
BET,PS,1993,ATL,26867.78
BET,PS,1974,PAC_E,1458.48
BET,BB,1983,PAC_E,39.03
BET,PS,1997,IND,33714.44
MLS,LL,1962,ATL,1914.86
YFT,LL,1998,PAC_W,69289.99
BET,LL,1966,PAC_E,34104.30
SKJ,BB,1994,PAC_W,226184.90
YFT,PS,1996,ATL,84216.06
BET,PS,1985,PAC_W,4271.51
BET,BB,1978,ATL,11265.12
BUM,LL,1960,ATL,2711.80
MLS,LL,1981,ATL,563.89
SWO,LL,1997,PAC_W,17251.43
SKJ,OTHER_A,1990,ATL,74.90
SBF,LL,1981,ATL,2502.25
SWO,LL,1985,IND,4191.36
ALB,LL,1970,ATL,28613.14
BUM,LL,1977,PAC_E,1295.57
SKJ,PS,1987,PAC_W,358018.54
ALB,LL,1967,PAC_E,7327.88
SWO,BB,1984,ATL,6.97
ALB,LL,2003,PAC_W,76251.34
BFT,PS,1960,PAC_E,4535.13
BET,PS,1992,PAC_W,9337.77
BFT,LL,1994,ATL,4101.13
YFT,LL,1986,PAC_E,21730.04
YFT,OTHER_I,1981,IND,666.87
SKJ,PS,1986,IND,63609.28
YFT,LL,1955,IND,44204.50
YFT,PS,2002,PAC_W,181463.16
SWO,OTHER_A,1994,ATL,307.81
SFA,LL,1984,PAC_E,343.26
BET,LL,1980,PAC_W,61718.12
SKJ,PS,1982,PAC_W,168055.04
SBF,GILL,1988,IND,35.96
SWO,LL,1967,IND,2416.25
SFA,LL,1999,PAC_W,856.45
BET,BB,2001,PAC_W,2343.33
BUM,LL,1996,PAC_E,1391.72
SSP,LL,1996,IND,16.07
BFT,LL,1989,ATL,1922.37
SWO,GILL,1998,IND,909.90
BET,LL,1976,IND,28099.43
SBF,LL,1992,PAC_W,4940.65
SWO,LL,1973,ATL,2573.79
SWO,LL,1983,ATL,6591.00
MLS,LL,1992,PAC_W,5327.69
SKJ,PS,2000,PAC_E,182525.98
ALB,TRAP,2000,ATL,7.72
BET,PS,1981,ATL,6931.89
YFT,LL,2000,IND,38602.14
ALB,LL,1974,PAC_W,39302.00
YFT,LL,1988,IND,32003.29
SKJ,PS,1988,PAC_E,77802.51
YFT,LL,1956,PAC_W,22737.86
ALB,LL,1985,PAC_E,7246.19
BET,LL,1986,PAC_E,98724.40
BUM,LL,1970,PAC_W,9949.87
ALB,PS,2005,IND,189.70
SFA,LL,1953,PAC_W,747.56
YFT,PS,1992,PAC_W,236191.53
BET,LL,1955,IND,9535.63
SFA,LL,1998,PAC_W,1069.33
ALB,BB,1979,PAC_W,44507.45
BET,PS,2002,PAC_W,25700.66
BFT,PS,2003,PAC_E,3239.57
BUM,LL,1962,PAC_E,2896.84
ALB,LL,1960,PAC_W,30861.98
SWO,GILL,1999,IND,1061.45
ALB,LL,2004,PAC_E,13422.31
BUM,OTHER_A,2005,ATL,0.15
BFT,PS,1962,ATL,3759.56
SKJ,BB,1980,ATL,26361.03
BIL,LL,1995,PAC_E,9.00
ALB,LL,1969,IND,16259.35
BUM,LL,2003,ATL,1074.49
YFT,BB,1978,ATL,8237.37
BET,LL,1988,IND,31558.31
ALB,BB,1994,IND,14.04
BUM,LL,1968,IND,4029.90
BFT,PS,1974,PAC_E,5595.92
BET,LL,1956,PAC_W,27222.91
ALB,TROL,2000,ATL,10.00
YFT,PS,1981,ATL,54088.47
ALB,PS,1998,PAC_E,42.00
SKJ,TRAP,1998,ATL,3.00
SKJ,GILL,1986,IND,14497.28
SWO,LL,1969,PAC_E,6332.53
BET,LL,2000,IND,58426.00
SSP,LL,1991,PAC_E,1.78
YFT,LL,1976,IND,19875.27
BUM,LL,1991,IND,2237.27
SBF,LL,2002,PAC_W,50.56
SKJ,BB,1990,PAC_E,442.90
MLS,LL,2002,PAC_W,4423.85
SKJ,PS,1976,PAC_E,119551.95
BLM,LL,1990,IND,310.40
YFT,BB,1995,IND,11753.76
SWO,LL,2004,IND,22086.54
BUM,LL,1974,ATL,836.54
BUM,LL,1993,PAC_E,3008.22
YFT,LL,1980,PAC_W,121761.46
ALB,BB,1975,PAC_W,52319.19
YFT,BB,2001,PAC_W,12117.36
BET,OTHER_A,1977,ATL,5.00
BUM,LL,1963,IND,1884.28
SKJ,PS,2005,IND,202395.45
BET,PS,1973,ATL,3338.82
BET,PS,1983,ATL,13434.56
SKJ,PS,1964,ATL,3989.76
BLM,LL,1972,PAC_W,3687.05
SKJ,BB,1979,PAC_W,277037.70
YFT,PS,2004,IND,208147.94
SFA,LL,1980,IND,182.74
SKJ,BB,1989,IND,58591.49
BLM,LL,1989,PAC_E,185.95
MLS,LL,1985,IND,4815.05
MLS,LL,1997,PAC_W,4982.51
YFT,PS,1969,PAC_E,112932.59
BFT,LL,1987,PAC_E,1.98
BET,BB,2003,ATL,2287.88
BET,OTHER_A,1996,ATL,27.02
BET,GILL,2004,IND,93.12
BFT,TRAP,1974,ATL,14.04
YFT,LL,1979,ATL,14488.08
YFT,OTHER_I,1973,IND,318.90
YFT,OTHER_I,1983,IND,312.65
YFT,OTHER_A,1993,ATL,1353.18
YFT,LL,1998,IND,41495.03
SBF,LL,1973,ATL,2519.72
SBF,LL,1983,ATL,504.40
ALB,BB,1990,PAC_E,170.02
BET,LL,1965,PAC_E,28289.25
SFA,LL,1951,PAC_W,14.01
ALB,LL,1978,PAC_W,42250.18
SBF,LL,1967,IND,56595.49
SWO,GILL,1988,IND,305.40
BET,PS,1969,PAC_E,970.98
SKJ,PS,1999,PAC_E,243267.85
SFA,LL,1982,PAC_E,1079.82
SKJ,PS,1984,PAC_W,318341.88
BET,PS,2004,IND,21674.35
SSP,LL,1995,PAC_E,236.66
YFT,OTHER_A,1977,ATL,125.02
YFT,PS,1973,ATL,45987.24
YFT,PS,1983,ATL,63973.06
SFA,LL,2000,PAC_W,809.13
SBF,LL,2004,IND,6272.57
YFT,LL,1965,PAC_E,15151.68
SWO,LL,2002,PAC_W,18629.96
SKJ,TRAP,2000,ATL,0.50
BET,LL,1979,ATL,26758.88
ALB,PS,2000,PAC_E,70.83
BET,OTHER_A,1993,ATL,196.30
SKJ,GILL,2005,IND,34064.78
BET,LL,1998,IND,58476.56
SFA,LL,1955,PAC_W,570.36
BUM,LL,1978,ATL,697.02
YFT,BB,2003,ATL,6527.48
SWO,BB,1982,ATL,7.01
SKJ,LL,1985,PAC_E,41.77
YFT,OTHER_A,1996,ATL,1367.77
YFT,GILL,2004,IND,33894.78
SKJ,BB,1976,ATL,23053.74
SWO,LL,1996,ATL,31406.89
BET,LL,1987,PAC_E,97506.52
ALB,BB,1989,PAC_W,8626.11
BFT,PS,1973,ATL,1656.11
ALB,LL,1960,IND,11060.96
ALB,BB,1998,ATL,572.09
YFT,BB,1981,PAC_E,1312.72
SKJ,LL,1992,PAC_E,23.49
BET,PS,2002,IND,27308.94
SSP,LL,1993,PAC_W,0.00
SWO,LL,2004,PAC_W,20060.89
SKJ,PS,1980,PAC_E,125293.56
SBF,LL,2002,IND,3896.69
YFT,LL,1976,PAC_W,77212.63
BLM,LL,1990,PAC_W,1146.92
SWO,LL,1977,ATL,4680.26
BFT,OTHER_A,1996,ATL,486.12
YFT,GILL,2002,IND,35688.11
BET,LL,1988,PAC_W,66213.94
BET,LL,1956,IND,12231.59
YFT,PS,2002,IND,128091.07
MLS,LL,1978,PAC_E,2472.19
MLS,LL,1959,ATL,111.99
SKJ,BB,1988,ATL,22867.91
ALB,LL,2003,IND,17068.65
YFT,LL,1987,PAC_E,18242.63
BFT,PS,1969,PAC_E,6896.40
ALB,PS,1984,IND,558.00
SWO,LL,1993,ATL,34160.03
SWO,LL,1974,PAC_E,2109.33
YFT,LL,1988,PAC_W,88747.96
BFT,OTHER_A,1993,ATL,19.03
BFT,LL,1979,ATL,4362.79
YFT,LL,1956,IND,59392.41
BET,GILL,2002,IND,41.12
SWO,LL,1962,ATL,623.79
ALB,LL,1997,PAC_E,8027.09
BET,LL,1976,PAC_W,73084.40
SSP,LL,1996,PAC_W,40.45
MLS,LL,1992,IND,2654.91
SKJ,PS,1982,IND,1027.00
SFA,LL,1999,IND,155.59
SWO,LL,1967,PAC_W,10695.38
SWO,GILL,1987,IND,94.18
YFT,OTHER_I,1991,IND,222.18
SKJ,PS,1994,ATL,98435.07
BET,BB,1985,ATL,11252.77
SKJ,LL,1960,PAC_E,26.32
SBF,LL,1968,ATL,77.26
BLM,LL,1972,PAC_E,652.31
SKJ,BB,1979,PAC_E,5732.95
ALB,LL,1992,IND,12950.17
BLM,LL,1979,IND,216.78
SKJ,BB,1972,IND,17476.62
SBF,LL,1974,IND,26524.92
SFA,LL,1952,PAC_W,456.18
MLS,LL,1997,PAC_E,4131.07
BFT,OTHER_A,1995,ATL,2726.69
SBF,LL,1991,ATL,1334.83
BLM,LL,1989,PAC_W,1199.98
SWO,LL,1995,ATL,41689.64
BFT,LL,1988,PAC_E,0.99
BET,PS,1991,ATL,13323.27
MLS,LL,2003,IND,2330.31
ALB,LL,1959,ATL,3601.98
ALB,LL,1978,PAC_E,11655.63
BET,PS,1968,ATL,412.70
ALB,BB,1990,PAC_W,8568.04
BET,LL,1965,PAC_W,29307.92
SKJ,PS,1984,PAC_E,58478.42
SFA,LL,1982,PAC_W,1963.60
SKJ,PS,1999,PAC_W,871849.23
SKJ,BB,1965,ATL,1239.12
SFA,LL,2000,PAC_E,58.80
SSP,LL,2001,IND,31.86
SKJ,LL,2003,PAC_E,236.61
SSP,LL,1995,PAC_W,78.04
BET,OTHER_I,1991,IND,17.37
YFT,BB,1985,ATL,9813.57
ALB,PS,1961,PAC_E,788.69
SWO,BB,2000,ATL,1.00
SWO,LL,2002,PAC_E,12959.81
YFT,LL,1965,PAC_W,45369.32
YFT,PS,1968,ATL,13412.68
MLS,LL,1960,IND,2224.81
BUM,LL,1981,IND,3348.53
ALB,PS,1982,PAC_E,353.95
SKJ,OTHER_I,1994,IND,1359.41
SKJ,PS,1966,PAC_E,46836.10
SFA,LL,1961,PAC_W,2087.14
YFT,PS,1991,ATL,100304.46
ALB,BB,1986,ATL,6239.69
SBF,LL,1969,PAC_W,12918.96
YFT,PS,2001,ATL,53483.30
BUM,LL,1958,IND,4084.55
ALB,BB,1989,PAC_E,20.91
BET,LL,1987,PAC_W,67199.68
SWO,TROL,2000,ATL,2.00
BET,OTHER_A,1995,ATL,65.35
SKJ,GILL,2000,IND,73452.08
BFT,BB,1985,ATL,3.00
YFT,BB,1981,PAC_W,16030.34
BET,LL,1986,IND,44543.61
ALB,BB,1972,PAC_W,60638.81
BFT,TRAP,2002,ATL,16.90
BLM,LL,1990,PAC_E,218.13
SKJ,BB,1990,IND,60709.89
YFT,LL,1976,PAC_E,15172.06
BFT,PS,1968,ATL,684.78
BUM,LL,1997,ATL,3099.03
SKJ,PS,1980,PAC_W,69001.47
SSP,LL,1993,PAC_E,0.68
SWO,LL,2004,PAC_E,10255.60
BET,LL,1988,PAC_E,67484.16
SFA,LL,2005,PAC_W,284.73
SWO,LL,1969,IND,2419.69
YFT,BB,1992,ATL,9819.19
ALB,OTHER_A,1994,ATL,140.46
MLS,LL,1978,PAC_W,3737.19
BUM,OTHER_A,1999,ATL,193.32
YFT,LL,1986,IND,42519.17
BET,BB,1981,PAC_W,2586.48
YFT,OTHER_A,1995,ATL,1375.94
SWO,LL,1974,PAC_W,7965.14
BET,PS,2001,ATL,11623.48
SFA,LL,1971,PAC_W,1626.96
YFT,LL,1987,PAC_W,76561.25
ALB,PS,1999,IND,555.95
BET,BB,1992,ATL,2386.10
SKJ,PS,2000,IND,194145.06
ALB,LL,1997,PAC_W,72421.78
ALB,LL,1985,IND,8936.74
YFT,LL,1988,PAC_E,13658.32
SWO,LL,1970,ATL,4767.53
SBF,LL,2001,ATL,378.23
SKJ,BB,1987,ATL,19931.54
SWO,LL,1967,PAC_E,1580.57
YFT,OTHER_I,2001,IND,77.31
ALB,PS,1971,PAC_E,75.85
SFA,LL,1984,IND,50.85
BET,LL,1976,PAC_E,52159.09
SSP,LL,1996,PAC_E,207.88
SBF,LL,1954,IND,2092.95
SKJ,LL,1979,PAC_E,31.39
ALB,BB,1992,IND,5.99
BET,LL,1985,ATL,45986.32
SBF,LL,1999,ATL,976.64
SSP,LL,2000,PAC_W,219.27
YFT,OTHER_I,1999,IND,44.93
SFA,LL,1995,PAC_E,175.37
YFT,PS,1994,PAC_W,213340.71
BET,LL,1958,PAC_W,45257.62
BUM,OTHER_A,2001,ATL,67.26
YFT,PS,1964,PAC_E,74870.63
BUM,LL,1987,IND,6448.31
ALB,BB,1978,PAC_E,1577.08
SKJ,PS,1969,ATL,8115.73
ALB,LL,1990,PAC_W,31979.91
BET,PS,1999,ATL,11134.74
ALB,PS,2001,IND,1265.00
BUM,LL,1986,PAC_W,8438.45
SWO,OTHER_A,1992,ATL,350.11
SBF,LL,1994,PAC_W,4158.31
BFT,OTHER_A,2000,ATL,1289.51
SBF,LL,1975,IND,18631.20
SKJ,BB,2003,PAC_E,635.85
SKJ,PS,1991,PAC_W,751107.33
YFT,LL,1985,ATL,14616.54
BLM,LL,2003,IND,931.88
YFT,PS,1999,ATL,61122.45
SWO,LL,2000,ATL,28482.02
MLS,LL,1979,IND,4461.80
MLS,LL,1998,ATL,760.56
MLS,LL,1972,PAC_E,7089.89
BLM,LL,1997,PAC_E,148.07
YFT,LL,1958,PAC_W,43026.25
ALB,LL,1986,ATL,50199.11
SKJ,PS,1973,PAC_E,37877.22
SKJ,PS,1983,PAC_E,55224.12
SKJ,BB,1997,IND,69216.87
BET,PS,1994,PAC_W,6317.78
BFT,LL,1992,ATL,4370.04
BUM,LL,1990,ATL,3496.19
SKJ,BB,1985,PAC_W,248040.11
MLS,LL,1989,PAC_W,6031.41
YFT,LL,1959,IND,22193.45
SWO,LL,1994,IND,16489.62
YFT,PS,1980,ATL,54316.98
ALB,LL,1989,PAC_E,5781.24
BET,BB,1987,PAC_W,3125.76
SWO,LL,1975,PAC_W,8513.13
BUM,LL,1965,IND,3427.08
BFT,LL,1985,ATL,2519.32
SKJ,BB,1992,PAC_W,248240.68
SFA,LL,1977,PAC_W,2875.73
ALB,LL,1972,PAC_W,47766.91
YFT,OTHER_A,2000,ATL,1388.57
YFT,LL,1981,PAC_W,94131.26
SWO,OTHER_A,1985,ATL,6.03
BET,LL,1963,PAC_E,64618.43
SKJ,PS,2001,PAC_W,914440.00
SKJ,PS,1995,IND,160509.22
BLM,LL,1978,PAC_W,2781.71
SKJ,BB,1981,ATL,45983.27
SSP,LL,1999,IND,66.12
YFT,LL,1992,ATL,15150.70
ALB,PS,1977,PAC_E,15.02
BET,BB,1988,PAC_E,4.99
ALB,GILL,1991,IND,8999.94
SFA,LL,1996,PAC_W,591.06
SFA,LL,1983,IND,83.09
BET,OTHER_A,2000,ATL,43.49
MLS,LL,1990,PAC_E,3232.69
BET,LL,1981,PAC_W,45737.26
YFT,BB,1986,IND,6382.01
ALB,PS,1991,IND,2243.11
BUM,LL,1972,ATL,1346.29
BUM,LL,1998,PAC_E,2109.77
BET,LL,1959,IND,8357.45
BET,PS,1980,ATL,4037.15
YFT,BB,1987,PAC_W,13014.45
BUM,OTHER_A,1991,ATL,143.38
SKJ,GILL,1995,IND,40497.96
SFA,LL,1962,PAC_W,2695.73
SBF,LL,1980,ATL,2790.31
BFT,PS,1964,PAC_E,9211.72
BIL,LL,1986,PAC_E,1.00
YFT,BB,1988,PAC_E,3647.26
SFA,LL,1993,PAC_W,924.34
ALB,BB,1997,PAC_W,32410.02
BET,LL,1992,ATL,48316.09
ALB,PS,1962,PAC_E,190.44
YFT,OTHER_I,1980,IND,712.95
YFT,LL,1963,PAC_E,18403.57
SBF,LL,1984,ATL,1643.13
BIL,LL,1998,PAC_E,8.99
SKJ,PS,1996,IND,133683.63
BUM,LL,1988,IND,3717.17
SFA,LL,1995,PAC_W,818.50
YFT,OTHER_I,1984,IND,261.44
SSP,LL,2000,PAC_E,264.76
SFA,LL,2001,IND,138.60
YFT,BB,1979,ATL,12129.50
SWO,PS,1978,ATL,14.00
BET,OTHER_A,2005,ATL,18.60
YFT,BB,1998,IND,13036.29
BET,LL,2003,ATL,53059.37
YFT,LL,1960,ATL,50861.63
YFT,PS,1994,PAC_E,204014.21
BET,PS,1984,ATL,13988.55
BUM,LL,1986,PAC_E,2361.38
SWO,LL,1957,IND,569.98
ALB,LL,1990,PAC_E,6491.18
ALB,BB,1978,PAC_W,59991.41
SWO,LL,1961,ATL,429.77
SKJ,PS,1968,PAC_E,57985.09
SBF,LL,1964,PAC_W,16687.08
SKJ,PS,1993,IND,163875.69
ALB,LL,1956,ATL,23.02
BUM,LL,1976,IND,2591.81
BFT,LL,1981,PAC_E,0.99
SKJ,PS,1991,PAC_E,58508.24
SKJ,BB,2003,PAC_W,170678.76
MLS,LL,1972,PAC_W,5208.70
YFT,PS,1984,ATL,26815.41
SKJ,OTHER_A,2004,ATL,16.24
SKJ,GILL,1996,IND,47567.52
YFT,LL,2003,ATL,17936.31
MLS,LL,1989,PAC_E,3425.07
BLM,LL,1985,IND,652.09
BET,PS,1994,PAC_E,27407.45
BET,LL,1960,ATL,2959.36
SWO,LL,1982,ATL,8887.39
SKJ,BB,1985,PAC_E,914.61
YFT,OTHER_A,2005,ATL,613.92
SKJ,PS,1973,PAC_W,19205.89
SKJ,PS,1983,PAC_W,316365.46
ALB,PS,2002,ATL,99.67
BET,BB,1979,ATL,8355.36
BLM,LL,1997,PAC_W,851.70
ALB,LL,1989,PAC_W,29314.65
YFT,OTHER_A,1982,ATL,242.57
SWO,OTHER_A,2003,ATL,494.79
SWO,LL,1964,IND,1315.08
SWO,LL,2005,ATL,25988.04
MLS,LL,1986,ATL,857.14
ALB,LL,1972,PAC_E,5433.47
BLM,LL,1992,IND,1061.90
ALB,LL,1998,ATL,23404.56
YFT,LL,1981,PAC_E,7606.09
SKJ,BB,1992,PAC_E,1684.02
ALB,LL,1979,IND,17423.88
BFT,PS,1966,ATL,1003.85
SFA,LL,1977,PAC_E,750.19
SWO,LL,1975,PAC_E,2274.19
YFT,BB,1976,PAC_W,16758.42
BLM,LL,1978,PAC_E,387.07
SKJ,BB,1978,IND,13161.59
BET,LL,1963,PAC_W,42081.29
SKJ,PS,2001,PAC_E,119641.71
BET,BB,1988,PAC_W,4122.59
SFA,LL,1996,PAC_E,187.18
BFT,OTHER_A,2005,ATL,557.21
ALB,PS,2004,ATL,340.88
SKJ,OTHER_A,2002,ATL,48.14
BFT,LL,2003,ATL,4112.69
ALB,OTHER_I,2004,IND,74.11
BET,LL,1981,PAC_E,51826.61
MLS,LL,1990,PAC_W,4391.88
BUM,LL,1989,ATL,2968.83
YFT,BB,1987,PAC_E,5101.01
SFA,LL,1970,PAC_W,1700.17
BUM,LL,1998,PAC_W,16594.43
SFA,LL,1993,PAC_E,1141.29
BFT,PS,1994,PAC_E,969.75
BFT,LL,1960,ATL,820.28
YFT,BB,1988,PAC_W,13030.00
SWO,LL,1971,ATL,2647.52
BFT,BB,1979,ATL,758.00
YFT,LL,1963,PAC_W,53343.72
SBF,LL,1957,PAC_W,13464.48
SSP,LL,2005,PAC_W,420.62
ALB,PS,1970,PAC_E,21.96
BET,BB,1976,PAC_W,3422.05
ALB,LL,1966,PAC_E,4193.14
BFT,PS,1972,ATL,2004.97
SFA,LL,2003,PAC_W,657.65
BFT,TROL,2000,ATL,2.00
BFT,PS,1998,PAC_E,1773.76
SKJ,OTHER_A,1981,ATL,1922.59
SBF,LL,1990,ATL,1202.56
ALB,PS,1997,IND,2014.48
SWO,TRAP,2002,ATL,0.20
YFT,OTHER_I,1990,IND,292.32
BET,GILL,1987,IND,106.61
BUM,OTHER_A,1997,ATL,89.05
SWO,BB,1985,ATL,1.01
SKJ,LL,1982,PAC_E,27.50
YFT,LL,2002,PAC_E,19808.52
YFT,BB,2000,ATL,4038.60
BET,LL,1954,PAC_W,15050.25
BUM,LL,1975,IND,3579.82
MLS,LL,1952,IND,91.60
YFT,PS,1986,PAC_W,105429.59
SWO,LL,1965,PAC_W,8205.09
MLS,LL,1980,PAC_E,4778.79
ALB,PS,2003,PAC_E,31.12
ALB,BB,1991,PAC_W,7116.01
SFA,LL,1985,PAC_E,393.35
SKJ,LL,1961,PAC_E,45.52
ALB,LL,1984,PAC_E,6578.06
MLS,LL,1957,ATL,159.96
YFT,PS,1987,IND,81849.45
BUM,LL,1964,PAC_E,2498.06
ALB,LL,1999,PAC_W,64876.75
BET,LL,1995,ATL,57111.63
BUM,LL,1994,PAC_W,15649.63
BET,PS,1990,ATL,9149.20
BLM,LL,2001,PAC_E,110.51
YFT,GILL,1987,IND,7495.46
SWO,OTHER_I,1991,IND,0.04
MLS,LL,1961,IND,2595.96
SKJ,BB,2001,IND,87163.60
SKJ,PS,1978,PAC_E,151141.91
SBF,LL,1986,PAC_W,2645.36
SKJ,BB,1995,PAC_W,255789.45
ALB,LL,1953,PAC_W,23702.12
SBF,LL,1987,IND,11511.37
SFA,LL,1960,PAC_W,2519.48
YFT,PS,1990,ATL,66484.91
YFT,LL,1995,ATL,15543.97
BFT,LL,1970,ATL,87.10
BET,PS,1987,IND,12659.56
ALB,LL,1994,ATL,31414.53
MLS,LL,1982,IND,3229.72
ALB,PS,1960,PAC_E,106.16
BET,BB,2000,ATL,4791.52
SBF,OTHER_I,1995,IND,9.89
YFT,LL,1954,PAC_W,21144.72
BUM,LL,1999,ATL,2128.76
BET,LL,2002,PAC_E,67074.03
SKJ,PS,1992,IND,150773.83
BFT,LL,1967,PAC_E,8.58
BET,PS,1986,PAC_W,4461.04
SKJ,BB,1970,PAC_W,2354.45
SKJ,LL,1971,PAC_E,179.63
BET,BB,1975,PAC_W,1329.12
MLS,LL,1964,ATL,3494.92
SWO,LL,1986,IND,4616.82
MLS,LL,2005,IND,1956.41
BET,PS,1972,ATL,3758.45
BET,PS,1998,PAC_E,41887.91
BLM,LL,1983,PAC_W,1739.16
BLM,LL,1973,PAC_W,3789.64
SWO,OTHER_A,1995,ATL,4494.86
BUM,LL,1980,ATL,617.95
ALB,LL,2000,IND,25044.09
YFT,LL,1974,PAC_W,57932.25
SKJ,PS,1997,PAC_W,677810.59
SKJ,PS,1985,IND,57822.28
BET,BB,1994,IND,4.00
SWO,LL,1987,PAC_W,12919.90
BET,LL,1969,IND,22364.59
SBF,LL,1972,ATL,4271.67
BLM,LL,1968,PAC_E,737.05
SBF,LL,1998,PAC_E,1.45
BFT,LL,1995,ATL,8313.87
YFT,LL,1970,ATL,14814.03
SWO,LL,1988,PAC_E,4285.21
YFT,LL,1967,PAC_E,9128.87
SKJ,BB,1991,IND,58922.85
BLM,LL,1991,PAC_E,242.00
BET,LL,2004,PAC_E,37457.24
SKJ,BB,1974,ATL,26702.68
SKJ,BB,1993,PAC_E,3613.12
YFT,OTHER_I,1972,IND,178.81
ALB,LL,1955,IND,3057.50
BLM,LL,1993,IND,384.11
YFT,BB,1994,IND,12337.50
MLS,LL,1984,PAC_W,4750.61
MLS,LL,1999,PAC_E,2180.95
ALB,PS,1981,ATL,3.00
YFT,PS,1998,PAC_E,249157.36
BLM,LL,1977,IND,276.90
YFT,PS,1972,ATL,41334.83
BET,LL,1974,PAC_W,45596.08
SFA,LL,1992,PAC_E,743.91
ALB,LL,1980,PAC_W,42326.15
SWO,TRAP,2004,ATL,0.14
YFT,BB,1975,PAC_W,7455.70
ALB,BB,2001,PAC_W,29517.21
BIL,LL,1994,PAC_E,66.22
SBF,LL,1965,IND,33665.65
SWO,LL,1976,PAC_E,3453.61
SKJ,BB,1996,PAC_E,2000.10
BET,LL,1967,PAC_E,35354.61
BFT,BB,2000,ATL,694.06
YFT,LL,2004,PAC_E,11454.95
MLS,LL,1971,IND,2168.66
BLM,LL,1996,IND,664.83
BFT,LL,2002,PAC_E,0.99
SKJ,GILL,1985,IND,14824.85
MLS,LL,1966,PAC_W,9636.20
BET,LL,1970,ATL,17601.88
YFT,LL,1969,IND,44327.50
SFA,LL,1978,IND,158.93
SKJ,BB,2002,ATL,27460.43
SKJ,LL,2000,PAC_E,27.32
ALB,BB,1973,PAC_W,69052.45
ALB,BB,1983,PAC_W,21163.84
BFT,LL,1996,ATL,5945.95
SFA,LL,2003,PAC_E,18.74
YFT,PS,1988,IND,116921.65
ALB,PS,1985,PAC_E,42.06
ALB,LL,1966,PAC_W,51707.37
ALB,LL,1971,IND,10336.94
SFA,LL,1985,PAC_W,805.72
BFT,LL,1977,ATL,5774.92
BET,GILL,1988,IND,1918.85
MLS,LL,1980,PAC_W,4708.36
YFT,PS,1986,PAC_E,245981.61
SWO,LL,1965,PAC_E,1665.20
SBF,LL,1976,IND,24694.16
YFT,LL,2002,PAC_W,76429.34
SFA,LL,1997,IND,189.66
ALB,BB,1993,IND,8.02
BUM,LL,1994,PAC_E,3706.78
SWO,BB,2003,ATL,0.07
ALB,LL,1999,PAC_E,10794.73
BUM,LL,1964,PAC_W,9319.61
SWO,OTHER_A,1996,ATL,272.63
SWO,GILL,2004,IND,1360.38
YFT,BB,1982,ATL,8243.29
ALB,LL,1984,PAC_W,31336.96
MLS,LL,1955,IND,907.73
BUM,LL,1966,ATL,3462.94
SKJ,BB,1995,PAC_E,4924.39
SKJ,PS,1978,PAC_W,34617.07
BLM,LL,1995,IND,779.47
BLM,LL,2001,PAC_W,1424.29
BUM,BB,1983,ATL,2.01
BET,PS,1988,IND,14100.53
BFT,LL,1993,ATL,4099.54
BFT,LL,1974,PAC_E,53.79
SBF,LL,1956,PAC_W,66.12
BET,BB,1982,ATL,5391.69
BFT,LL,1962,ATL,3808.30
SBF,LL,1988,IND,10574.11
SWO,LL,1979,ATL,7530.93
MLS,LL,2000,IND,2260.55
SWO,OTHER_A,1993,ATL,44.15
SWO,LL,1998,IND,23499.67
ALB,LL,2005,IND,15289.51
BUM,LL,1984,ATL,1752.52
BET,PS,1986,PAC_E,2388.12
ALB,LL,1964,ATL,40968.30
BET,LL,2002,PAC_W,87602.90
ALB,BB,1996,IND,1.00
YFT,GILL,1988,IND,11628.70
BLM,LL,1970,IND,1249.25
MLS,LL,1994,ATL,1706.86
ALB,LL,1982,IND,23801.57
BET,PS,1989,ATL,6268.12
SKJ,BB,1967,ATL,1187.76
BET,LL,1996,ATL,59097.04
SWO,LL,1987,PAC_E,4451.62
YFT,LL,1993,ATL,13102.49
YFT,LL,1974,PAC_E,6957.34
SKJ,PS,1997,PAC_E,128567.28
SKJ,BB,1973,IND,19545.91
SKJ,BB,1983,IND,19276.58
YFT,OTHER_A,1979,ATL,996.31
BET,BB,2005,ATL,1659.70
BLM,LL,1973,PAC_E,879.87
BLM,LL,1983,PAC_E,234.57
BET,PS,1998,PAC_W,26029.26
YFT,OTHER_I,1989,IND,357.96
SWO,LL,1988,PAC_W,12803.46
SWO,LL,1956,IND,897.96
YFT,BB,1971,ATL,9367.65
YFT,LL,1962,ATL,42231.19
SWO,TRAP,1974,ATL,6.00
BLM,LL,1968,PAC_W,2955.32
SBF,LL,1998,PAC_W,2248.75
BET,LL,1977,ATL,22491.96
SKJ,BB,1993,PAC_W,278167.50
SBF,LL,1989,ATL,624.70
BLM,LL,1991,PAC_W,1465.58
ALB,LL,1961,IND,15241.00
BET,LL,2004,PAC_W,97112.98
SKJ,PS,2003,IND,211565.42
YFT,LL,1967,PAC_W,36089.72
BET,LL,1993,ATL,51231.68
BET,LL,1974,PAC_E,35074.33
SKJ,BB,1977,PAC_W,291397.41
SFA,LL,1992,PAC_W,1642.43
YFT,BB,2005,ATL,3284.45
YFT,PS,1998,PAC_W,258684.34
BET,OTHER_A,1979,ATL,193.04
YFT,LL,1996,ATL,16561.83
MLS,LL,1999,PAC_W,5924.62
ALB,LL,1957,ATL,859.15
SKJ,GILL,2003,IND,70106.56
SKJ,BB,2004,ATL,32008.57
MLS,LL,1984,PAC_E,2637.86
ALB,BB,2001,PAC_E,16.99
SBF,OTHER_I,1996,IND,1.13
YFT,PS,1989,ATL,42153.43
ALB,LL,1980,PAC_E,5130.26
ALB,LL,1952,IND,60.98
YFT,LL,2004,PAC_W,81982.13
SKJ,BB,1996,PAC_W,209397.92
BFT,PS,1986,PAC_E,5042.27
BET,LL,1967,PAC_W,33159.90
SWO,LL,1976,PAC_W,9957.19
YFT,LL,1977,ATL,22966.92
BFT,BB,1982,ATL,73.00
SWO,GILL,2002,IND,2741.75
BET,LL,1962,ATL,15922.11
BET,BB,1971,ATL,2283.68
MLS,LL,1966,PAC_E,9062.04
BFT,LL,2005,ATL,4649.05
YFT,LL,1961,ATL,42670.37
BUM,LL,1969,PAC_E,1940.71
SKJ,BB,2000,PAC_E,175.56
ALB,LL,1983,PAC_W,36817.16
ALB,LL,1973,PAC_W,59795.45
BFT,OTHER_A,2003,ATL,461.81
SBF,LL,1978,ATL,4638.31
BLM,LL,2000,IND,642.96
BUM,LL,2004,IND,4114.13
BFT,LL,1975,PAC_E,12.46
YFT,OTHER_I,1978,IND,453.57
ALB,LL,1962,IND,17648.79
SKJ,BB,1982,PAC_W,257011.95
ALB,GILL,1989,IND,10624.26
MLS,LL,1995,IND,4544.86
ALB,OTHER_A,1998,ATL,39.45
ALB,LL,1993,IND,13551.13
YFT,BB,2002,PAC_W,13313.07
BFT,BB,1977,ATL,1253.99
MLS,LL,2001,PAC_W,4726.47
ALB,LL,1991,PAC_E,7852.61
BET,LL,1957,IND,11052.69
SWO,LL,2003,ATL,23305.02
ALB,BB,1999,PAC_E,23.04
YFT,LL,1982,ATL,17433.77
ALB,BB,1984,PAC_W,25915.20
BET,PS,1978,ATL,5707.87
SKJ,OTHER_A,1976,ATL,3624.50
ALB,LL,1968,PAC_E,4765.39
BLM,LL,1980,PAC_W,1547.30
BUM,LL,1973,ATL,1162.75
BUM,LL,1983,ATL,1165.54
SKJ,LL,1995,PAC_E,73.46
SSP,LL,2003,PAC_W,399.24
SKJ,PS,1990,PAC_E,70682.23
BUM,LL,1967,IND,4382.07
SFA,LL,1979,PAC_E,250.29
ALB,LL,1977,IND,12330.77
BET,LL,1961,ATL,11200.34
BFT,LL,1971,ATL,1532.05
YFT,PS,1978,ATL,62793.41
ALB,PS,1989,IND,6.00
SWO,LL,1960,ATL,379.42
BET,LL,1982,ATL,47776.95
SKJ,OTHER_A,1988,ATL,182.73
YFT,LL,1957,IND,31848.57
SBF,LL,1963,IND,47766.70
ALB,LL,1996,IND,19828.77
BUM,BB,1984,ATL,1.00
BUM,OTHER_A,1989,ATL,430.40
BET,BB,2002,PAC_W,2795.21
BET,LL,1975,PAC_E,40031.20
SKJ,BB,1971,PAC_W,21427.29
SSP,LL,1992,PAC_E,1.20
SKJ,LL,1970,PAC_E,153.36
YFT,BB,1993,ATL,9886.31
BET,LL,1964,IND,16081.05
BET,LL,2005,ATL,36215.94
SKJ,OTHER_I,1998,IND,651.95
BET,BB,1996,ATL,3708.09
BLM,LL,1966,PAC_E,559.17
BET,OTHER_A,2003,ATL,21.37
BLM,LL,1984,PAC_E,233.61
YFT,LL,1971,ATL,15608.58
BFT,PS,1978,ATL,241.00
SKJ,BB,1984,IND,35495.76
BLM,LL,1999,PAC_W,1975.59
SWO,LL,1963,PAC_W,9729.11
BET,BB,2004,PAC_W,9328.81
MLS,LL,1969,ATL,1425.30
BET,BB,1977,ATL,8403.36
YFT,BB,1996,ATL,5349.35
YFT,OTHER_A,2003,ATL,0.50
YFT,LL,1964,IND,22270.81
BFT,LL,1961,ATL,577.16
BET,BB,1993,ATL,2865.84
YFT,LL,2005,ATL,19829.07
MLS,LL,1968,PAC_W,11774.93
SWO,LL,1981,PAC_E,3009.26
YFT,LL,1975,PAC_E,10257.41
ALB,LL,2001,PAC_E,9066.05
ALB,BB,1980,PAC_E,407.26
MLS,LL,1991,PAC_W,5245.17
BUM,LL,2002,IND,3849.28
SKJ,PS,1972,PAC_E,28328.37
SKJ,PS,1998,ATL,50921.73
SKJ,BB,2005,PAC_W,174451.82
YFT,BB,1977,ATL,8334.39
YFT,BB,2004,PAC_W,14744.48
MLS,LL,1970,IND,3646.88
SKJ,PS,1989,PAC_W,463468.42
BET,LL,1971,ATL,26514.93
BFT,LL,1982,ATL,3829.87
MLS,LL,1973,PAC_E,5206.11
MLS,LL,1983,PAC_E,4472.22
YFT,OTHER_A,1992,ATL,190.51
SKJ,PS,1986,ATL,59483.98
ALB,LL,1973,PAC_E,4349.81
ALB,LL,1983,PAC_E,7242.66
SKJ,BB,2000,PAC_W,222187.28
BUM,LL,1969,PAC_W,7108.30
SBF,LL,1959,PAC_W,18617.64
BLM,LL,1982,IND,307.43
ALB,LL,1970,IND,12171.57
SWO,LL,1985,ATL,9093.21
SKJ,BB,1982,PAC_E,3518.24
SBF,LL,1981,IND,14415.10
ALB,LL,1991,PAC_W,35342.59
MLS,LL,2001,PAC_E,1554.85
YFT,LL,2000,ATL,19160.40
YFT,BB,2002,PAC_E,950.73
BET,PS,1981,IND,10.00
ALB,LL,1968,PAC_W,46273.96
BET,BB,1995,ATL,3133.04
SWO,LL,1958,PAC_W,367.07
ALB,BB,1984,PAC_E,1442.40
ALB,BB,1999,PAC_W,50559.39
SSP,LL,2003,PAC_E,288.34
ALB,LL,1969,ATL,26014.39
SKJ,PS,1990,PAC_W,582276.12
SKJ,BB,1980,IND,22169.45
SKJ,OTHER_A,1987,ATL,146.65
BLM,LL,1980,PAC_E,318.71
BET,OTHER_A,1992,ATL,112.73
SFA,LL,1979,PAC_W,1786.62
SSP,LL,1997,IND,23.92
BUM,LL,1974,IND,2252.22
YFT,BB,1995,ATL,5295.92
BUM,LL,1991,ATL,2631.46
ALB,PS,1979,PAC_E,148.37
BET,LL,2000,ATL,53156.93
SKJ,OTHER_I,1986,IND,432.54
YFT,PS,1981,IND,199.98
BUM,LL,1968,ATL,1931.39
ALB,BB,1994,ATL,6854.69
SKJ,LL,1962,PAC_E,41.84
BLM,LL,1971,IND,929.12
MLS,LL,1996,IND,4080.98
BUM,LL,1954,IND,3059.15
BET,LL,1975,PAC_W,61430.20
BET,LL,1994,IND,54038.69
BLM,LL,1966,PAC_W,2408.55
BUM,LL,2001,ATL,1512.88
YFT,BB,1974,PAC_W,6069.78
BET,OTHER_I,1997,IND,0.00
BUM,TRAP,1998,ATL,2.01
BLM,LL,1999,PAC_E,81.24
SBF,PS,1994,IND,2020.14
SKJ,BB,1999,IND,96932.33
BLM,LL,1984,PAC_W,1313.76
YFT,BB,1970,ATL,8280.43
ALB,GILL,1990,IND,25793.31
MLS,LL,1977,IND,4564.41
YFT,PS,1997,ATL,70729.30
SKJ,LL,1993,PAC_E,60.73
SWO,LL,1963,PAC_E,1847.87
MLS,LL,1968,PAC_E,14206.43
ALB,OTHER_A,1986,ATL,47.98
YFT,OTHER_I,1997,IND,1161.12
SKJ,LL,1977,PAC_E,106.98
BET,BB,1974,PAC_W,1038.61
SWO,LL,1959,IND,945.07
YFT,LL,1994,IND,48012.25
BUM,OTHER_A,1990,ATL,324.00
BFT,OTHER_A,1992,ATL,632.88
MLS,LL,1991,PAC_E,2781.07
ALB,BB,1980,PAC_W,46884.11
BIL,LL,1969,PAC_E,3.69
ALB,LL,2001,PAC_W,76959.27
YFT,LL,1975,PAC_W,69284.11
MLS,LL,1993,IND,5725.89
SWO,OTHER_A,2000,ATL,2891.75
ALB,LL,1995,IND,16524.82
SWO,LL,1981,PAC_W,10114.62
SBF,LL,1997,ATL,309.21
ALB,PS,1990,IND,319.64
YFT,OTHER_A,1985,ATL,107.78
SKJ,LL,1996,PAC_E,39.88
BFT,LL,2000,ATL,5885.62
YFT,BB,2004,PAC_E,1878.39
MLS,LL,1962,IND,1990.14
BET,PS,1997,ATL,12829.03
BLM,LL,2005,IND,932.46
SKJ,PS,1972,PAC_W,18041.31
SKJ,BB,2005,PAC_E,1038.59
SWO,LL,1992,ATL,28629.06
SBF,LL,1958,IND,8547.57
MLS,LL,1983,PAC_W,3372.89
MLS,LL,1973,PAC_W,5580.69
SKJ,BB,1975,ATL,8589.63
BET,BB,1970,ATL,4649.28
SKJ,PS,1989,PAC_E,80211.21
BET,PS,2002,ATL,12721.68
ALB,BB,1979,ATL,787.59
BFT,PS,1967,ATL,2089.91
ALB,LL,1960,ATL,11617.64
SKJ,OTHER_I,1982,IND,183.99
SWO,LL,1996,IND,21315.30
YFT,PS,1995,PAC_E,211577.28
BFT,PS,1970,PAC_E,3960.59
SKJ,BB,1976,IND,18585.99
YFT,LL,1990,PAC_E,33451.97
BLM,LL,1976,PAC_E,245.62
BUM,LL,2003,PAC_W,21790.22
YFT,BB,1978,PAC_W,12399.12
MLS,LL,1963,PAC_E,7168.65
SFA,LL,1994,PAC_W,1025.81
YFT,OTHER_I,2002,IND,106.57
SWO,LL,1977,IND,1893.04
SBF,LL,2002,ATL,1173.65
BUM,LL,1985,PAC_E,1662.84
SFA,LL,1975,IND,273.37
BET,LL,1990,PAC_E,95393.83
MLS,LL,1981,PAC_W,4654.92
BET,PS,1995,PAC_E,38871.71
SSP,LL,2004,IND,39.17
BET,BB,1978,PAC_W,3333.10
SWO,OTHER_A,1998,ATL,569.36
BFT,TRAP,2001,ATL,15.40
SWO,LL,1993,IND,16972.48
ALB,PS,1984,ATL,555.35
SWO,LL,1991,PAC_E,3740.77
ALB,LL,2003,ATL,25439.33
SKJ,BB,1988,IND,58935.99
BLM,LL,1988,PAC_E,271.87
MLS,LL,1959,IND,2250.47
ALB,OTHER_A,2005,ATL,300.01
YFT,PS,2002,ATL,77001.80
SWO,LL,1968,PAC_E,2277.56
SKJ,PS,1982,ATL,64601.13
BLM,LL,1987,PAC_W,1527.27
MLS,LL,1992,ATL,1231.00
SWO,LL,1983,PAC_W,10117.80
SWO,LL,1973,PAC_W,7303.63
SKJ,BB,1986,PAC_E,1879.30
SWO,LL,1962,IND,1403.76
BLM,LL,1986,IND,784.15
YFT,LL,1956,ATL,612.08
BFT,LL,1998,ATL,5444.53
SWO,GILL,1989,IND,179.14
BFT,LL,1972,PAC_E,29.66
SWO,TRAP,1972,ATL,29.12
ALB,BB,1976,PAC_W,85487.20
SBF,LL,1993,PAC_W,5052.57
MLS,LL,1985,ATL,885.10
SKJ,OTHER_I,1971,IND,481.23
SSP,LL,2002,IND,31.16
SKJ,PS,1975,PAC_E,116730.90
SKJ,BB,1989,ATL,28948.19
BET,PS,1970,PAC_E,274.19
SKJ,OTHER_A,1984,ATL,95.35
BET,PS,1967,ATL,82.00
YFT,PS,2004,ATL,52243.33
BET,PS,1983,IND,247.87
YFT,PS,1977,PAC_W,15373.21
BUM,LL,1963,ATL,8600.20
SKJ,PS,2005,ATL,42170.74
SKJ,BB,1998,PAC_W,243848.96
YFT,LL,1989,PAC_W,68064.98
ALB,OTHER_A,1982,ATL,456.00
SBF,OTHER_I,1998,IND,3.04
SBF,LL,1973,IND,24100.38
SBF,LL,1983,IND,18514.25
MLS,LL,1958,PAC_W,543.07
YFT,LL,1972,PAC_E,16597.65
SBF,LL,1962,PAC_W,15656.58
YFT,LL,1998,ATL,15712.69
ALB,LL,1981,PAC_E,7139.26
YFT,LL,1979,IND,25042.87
BET,PS,1993,PAC_W,7923.66
SWO,LL,2001,PAC_E,10331.38
BET,OTHER_I,2004,IND,140.60
YFT,PS,1996,PAC_W,114931.69
YFT,BB,1997,PAC_E,3757.09
YFT,PS,1983,IND,11168.57
BET,PS,1977,PAC_W,1250.03
BIL,LL,2003,PAC_E,950.23
YFT,PS,1967,ATL,6359.31
ALB,BB,1988,PAC_W,6203.29
BET,PS,2004,ATL,9575.95
SBF,LL,1996,PAC_W,1657.36
SFA,LL,1950,PAC_W,1.43
ALB,LL,1963,PAC_W,26663.35
BFT,LL,1990,PAC_E,10.94
BUM,LL,1992,PAC_E,3168.98
YFT,PS,1970,PAC_E,139431.65
BFT,PS,1995,PAC_E,629.90
BLM,LL,1965,PAC_W,2258.37
YFT,OTHER_I,2004,IND,382.18
BET,PS,1996,PAC_W,21197.44
BUM,LL,1978,IND,3834.96
YFT,BB,2003,IND,16249.34
BET,LL,1998,ATL,44797.30
BET,LL,1972,PAC_E,35313.64
SKJ,OTHER_I,2005,IND,82.11
YFT,PS,1993,PAC_W,235712.18
BET,LL,1979,IND,33080.33
SBF,LL,1977,PAC_W,6547.44
SBF,LL,2004,ATL,101.12
BET,LL,1989,PAC_W,61632.12
SKJ,PS,1971,ATL,35474.21
BIL,LL,1992,PAC_E,20.37
BET,LL,1986,ATL,33317.69
ALB,PS,1964,PAC_E,145.58
SKJ,OTHER_I,2000,IND,0.00
BLM,LL,1976,PAC_W,2239.37
BUM,LL,2003,PAC_E,2571.56
YFT,BB,1978,PAC_E,3405.06
YFT,PS,1995,PAC_W,185033.26
YFT,LL,1990,PAC_W,74302.88
BUM,LL,1958,ATL,772.00
BFT,PS,1962,PAC_E,11023.90
YFT,PS,2001,IND,123171.24
YFT,BB,1992,IND,7995.09
SFA,LL,1964,PAC_W,1883.26
SWO,LL,1969,ATL,3382.10
MLS,LL,1963,PAC_W,12375.41
SFA,LL,1994,PAC_E,706.16
BFT,PS,1993,PAC_E,578.11
BET,GILL,2001,IND,36.48
ALB,OTHER_I,1999,IND,2.87
BUM,LL,1997,IND,5136.44
SKJ,BB,1990,ATL,26770.36
BUM,LL,1985,PAC_W,9616.86
ALB,PS,1999,ATL,210.93
SWO,LL,1991,PAC_W,12814.17
BET,PS,2001,IND,22452.45
MLS,LL,1981,PAC_E,4874.60
BUM,LL,1960,PAC_E,1106.16
BET,LL,1990,PAC_W,73559.12
BET,PS,1995,PAC_W,11578.46
ALB,LL,1958,PAC_W,29522.85
YFT,LL,1986,ATL,12109.20
SWO,LL,1968,PAC_W,9538.45
BFT,PS,1977,PAC_E,5445.64
BLM,LL,1988,PAC_W,2291.21
BFT,LL,1989,PAC_E,1.00
SWO,LL,1973,PAC_E,3809.30
SWO,LL,1983,PAC_E,3189.71
YFT,GILL,2001,IND,34502.67
SKJ,OTHER_A,1980,ATL,100.19
BLM,LL,1987,PAC_E,349.05
SKJ,BB,1987,IND,42613.31
SWO,LL,1970,IND,2406.39
SBF,LL,2001,IND,5832.14
ALB,LL,1985,ATL,38133.46
SKJ,PS,2000,ATL,59429.51
SBF,LL,1995,PAC_W,2445.69
BFT,PS,1996,PAC_E,8216.58
